-- Generated by Craft v2.6.2780 on Apr 22, 2016, 6:05:15 PM.

--
-- Disable foreign key checks and autocommit.
--

SET FOREIGN_KEY_CHECKS = 0;
SET SQL_MODE = "NO_AUTO_VALUE_ON_ZERO";
SET AUTOCOMMIT = 0;
SET NAMES utf8;


DROP TABLE IF EXISTS `craft_assetfiles`;


--
-- Schema for table `craft_assetfiles`
--
CREATE TABLE `craft_assetfiles` (
  `id` int(11) NOT NULL,
  `sourceId` int(11) DEFAULT NULL,
  `folderId` int(11) NOT NULL,
  `filename` varchar(255) COLLATE utf8_unicode_ci NOT NULL,
  `kind` varchar(50) COLLATE utf8_unicode_ci NOT NULL DEFAULT 'unknown',
  `width` int(11) unsigned DEFAULT NULL,
  `height` int(11) unsigned DEFAULT NULL,
  `size` bigint(20) unsigned DEFAULT NULL,
  `dateModified` datetime DEFAULT NULL,
  `dateCreated` datetime NOT NULL,
  `dateUpdated` datetime NOT NULL,
  `uid` char(36) COLLATE utf8_unicode_ci NOT NULL DEFAULT '0',
  PRIMARY KEY (`id`),
  UNIQUE KEY `craft_assetfiles_filename_folderId_unq_idx` (`filename`,`folderId`),
  KEY `craft_assetfiles_sourceId_fk` (`sourceId`),
  KEY `craft_assetfiles_folderId_fk` (`folderId`)
) ENGINE=InnoDB DEFAULT CHARSET=utf8 COLLATE=utf8_unicode_ci;

--
-- Data for table `craft_assetfiles`
--

INSERT INTO `craft_assetfiles` (`id`, `sourceId`, `folderId`, `filename`, `kind`, `width`, `height`, `size`, `dateModified`, `dateCreated`, `dateUpdated`, `uid`) VALUES
 ('15', '1', '1', '2008_jeep_wrangler-pic-7646248515740635338-1024x768.jpeg', 'image', '640', '425', '77705', '2016-04-20 00:20:33', '2016-04-20 00:20:34', '2016-04-20 00:20:34', '46c5f826-acb0-46a9-ae9f-44f7aaec23d5'),
 ('19', '1', '1', '2013_jeep_wrangler-pic-1792666880785797455-1024x768.jpeg', 'image', '640', '480', '60434', '2016-04-20 00:24:11', '2016-04-20 00:24:11', '2016-04-20 00:24:11', '7a935f87-93e1-496a-ad77-fa1bb3607272'),
 ('21', '1', '1', '2015_jeep_wrangler-pic-7722881041516912113-1024x768.jpeg', 'image', '640', '480', '77057', '2016-04-20 00:25:49', '2016-04-20 00:25:50', '2016-04-20 00:25:50', 'cd174097-61d3-4106-b5e2-db05e08a5c24'),
 ('23', '1', '1', '2014_jeep_wrangler-pic-3968018468264780941-1024x768.jpeg', 'image', '640', '480', '101252', '2016-04-20 00:28:48', '2016-04-20 00:28:48', '2016-04-20 00:28:48', '7f403d37-b433-4e59-9c5c-75d16b1e9add'),
 ('25', '1', '1', '2013_jeep_wrangler-pic-4749009949938766094-1024x768.jpeg', 'image', '800', '600', '192340', '2016-04-20 00:30:24', '2016-04-20 00:30:24', '2016-04-20 00:30:24', '6b71661c-15fc-440a-86d1-7e7f492f3f40'),
 ('28', '1', '1', '2016_jeep_wrangler-pic-6806050375982797320-1024x768.jpeg', 'image', '640', '480', '92642', '2016-04-20 00:33:27', '2016-04-20 00:33:27', '2016-04-20 00:33:27', '8b081e3f-a435-4d40-a49e-7696f5151d8b');



DROP TABLE IF EXISTS `craft_assetfolders`;


--
-- Schema for table `craft_assetfolders`
--
CREATE TABLE `craft_assetfolders` (
  `id` int(11) NOT NULL AUTO_INCREMENT,
  `parentId` int(11) DEFAULT NULL,
  `sourceId` int(11) DEFAULT NULL,
  `name` varchar(255) COLLATE utf8_unicode_ci NOT NULL,
  `path` varchar(255) COLLATE utf8_unicode_ci DEFAULT NULL,
  `dateCreated` datetime NOT NULL,
  `dateUpdated` datetime NOT NULL,
  `uid` char(36) COLLATE utf8_unicode_ci NOT NULL DEFAULT '0',
  PRIMARY KEY (`id`),
  UNIQUE KEY `craft_assetfolders_name_parentId_sourceId_unq_idx` (`name`,`parentId`,`sourceId`),
  KEY `craft_assetfolders_parentId_fk` (`parentId`),
  KEY `craft_assetfolders_sourceId_fk` (`sourceId`)
) ENGINE=InnoDB AUTO_INCREMENT=2 DEFAULT CHARSET=utf8 COLLATE=utf8_unicode_ci;

--
-- Data for table `craft_assetfolders`
--

INSERT INTO `craft_assetfolders` (`id`, `parentId`, `sourceId`, `name`, `path`, `dateCreated`, `dateUpdated`, `uid`) VALUES
 ('1', NULL, '1', 'Uploads', '', '2016-04-20 00:11:45', '2016-04-20 00:11:45', '9c458fa2-60cb-4f0b-a35d-783dde679cc3');



DROP TABLE IF EXISTS `craft_assetindexdata`;


--
-- Schema for table `craft_assetindexdata`
--
CREATE TABLE `craft_assetindexdata` (
  `id` int(11) NOT NULL AUTO_INCREMENT,
  `sessionId` varchar(36) COLLATE utf8_unicode_ci NOT NULL DEFAULT '',
  `sourceId` int(10) NOT NULL,
  `offset` int(10) NOT NULL,
  `uri` varchar(255) COLLATE utf8_unicode_ci DEFAULT NULL,
  `size` varchar(255) COLLATE utf8_unicode_ci DEFAULT NULL,
  `recordId` int(10) DEFAULT NULL,
  `dateCreated` datetime NOT NULL,
  `dateUpdated` datetime NOT NULL,
  `uid` char(36) COLLATE utf8_unicode_ci NOT NULL DEFAULT '0',
  PRIMARY KEY (`id`),
  UNIQUE KEY `craft_assetindexdata_sessionId_sourceId_offset_unq_idx` (`sessionId`,`sourceId`,`offset`),
  KEY `craft_assetindexdata_sourceId_fk` (`sourceId`)
) ENGINE=InnoDB DEFAULT CHARSET=utf8 COLLATE=utf8_unicode_ci;

DROP TABLE IF EXISTS `craft_assetsources`;


--
-- Schema for table `craft_assetsources`
--
CREATE TABLE `craft_assetsources` (
  `id` int(11) NOT NULL AUTO_INCREMENT,
  `name` varchar(255) COLLATE utf8_unicode_ci NOT NULL,
  `handle` varchar(255) COLLATE utf8_unicode_ci NOT NULL,
  `type` varchar(150) COLLATE utf8_unicode_ci NOT NULL,
  `settings` text COLLATE utf8_unicode_ci,
  `sortOrder` smallint(6) unsigned DEFAULT NULL,
  `fieldLayoutId` int(10) DEFAULT NULL,
  `dateCreated` datetime NOT NULL,
  `dateUpdated` datetime NOT NULL,
  `uid` char(36) COLLATE utf8_unicode_ci NOT NULL DEFAULT '0',
  PRIMARY KEY (`id`),
  UNIQUE KEY `craft_assetsources_name_unq_idx` (`name`),
  UNIQUE KEY `craft_assetsources_handle_unq_idx` (`handle`),
  KEY `craft_assetsources_fieldLayoutId_fk` (`fieldLayoutId`)
) ENGINE=InnoDB AUTO_INCREMENT=2 DEFAULT CHARSET=utf8 COLLATE=utf8_unicode_ci;

--
-- Data for table `craft_assetsources`
--

INSERT INTO `craft_assetsources` (`id`, `name`, `handle`, `type`, `settings`, `sortOrder`, `fieldLayoutId`, `dateCreated`, `dateUpdated`, `uid`) VALUES
 ('1', 'Uploads', 'uploads', 'Local', '{\"path\":\"\\/Users\\/sam\\/Projects\\/mine\\/filter-demo.local\\/public\\/uploads\\/\",\"publicURLs\":\"1\",\"url\":\"http:\\/\\/filter-demo.local\\/uploads\\/\"}', '1', '9', '2016-04-20 00:11:45', '2016-04-20 00:11:45', 'fdfd3885-e906-4dbe-b62f-587ab3f40ee8');



DROP TABLE IF EXISTS `craft_assettransformindex`;


--
-- Schema for table `craft_assettransformindex`
--
CREATE TABLE `craft_assettransformindex` (
  `id` int(11) NOT NULL AUTO_INCREMENT,
  `fileId` int(11) NOT NULL,
  `filename` varchar(255) COLLATE utf8_unicode_ci DEFAULT NULL,
  `format` varchar(255) COLLATE utf8_unicode_ci DEFAULT NULL,
  `location` varchar(255) COLLATE utf8_unicode_ci NOT NULL,
  `sourceId` int(11) DEFAULT NULL,
  `fileExists` tinyint(1) DEFAULT NULL,
  `inProgress` tinyint(1) DEFAULT NULL,
  `dateIndexed` datetime DEFAULT NULL,
  `dateCreated` datetime NOT NULL,
  `dateUpdated` datetime NOT NULL,
  `uid` char(36) COLLATE utf8_unicode_ci NOT NULL DEFAULT '0',
  PRIMARY KEY (`id`),
  KEY `craft_assettransformindex_sourceId_fileId_location_idx` (`sourceId`,`fileId`,`location`)
) ENGINE=InnoDB DEFAULT CHARSET=utf8 COLLATE=utf8_unicode_ci;

DROP TABLE IF EXISTS `craft_assettransforms`;


--
-- Schema for table `craft_assettransforms`
--
CREATE TABLE `craft_assettransforms` (
  `id` int(11) NOT NULL AUTO_INCREMENT,
  `name` varchar(255) COLLATE utf8_unicode_ci NOT NULL,
  `handle` varchar(255) COLLATE utf8_unicode_ci NOT NULL,
  `mode` enum('stretch','fit','crop') COLLATE utf8_unicode_ci NOT NULL DEFAULT 'crop',
  `position` enum('top-left','top-center','top-right','center-left','center-center','center-right','bottom-left','bottom-center','bottom-right') COLLATE utf8_unicode_ci NOT NULL DEFAULT 'center-center',
  `height` int(10) DEFAULT NULL,
  `width` int(10) DEFAULT NULL,
  `format` varchar(255) COLLATE utf8_unicode_ci DEFAULT NULL,
  `quality` int(10) DEFAULT NULL,
  `dimensionChangeTime` datetime DEFAULT NULL,
  `dateCreated` datetime NOT NULL,
  `dateUpdated` datetime NOT NULL,
  `uid` char(36) COLLATE utf8_unicode_ci NOT NULL DEFAULT '0',
  PRIMARY KEY (`id`),
  UNIQUE KEY `craft_assettransforms_name_unq_idx` (`name`),
  UNIQUE KEY `craft_assettransforms_handle_unq_idx` (`handle`)
) ENGINE=InnoDB DEFAULT CHARSET=utf8 COLLATE=utf8_unicode_ci;

DROP TABLE IF EXISTS `craft_categories`;


--
-- Schema for table `craft_categories`
--
CREATE TABLE `craft_categories` (
  `id` int(11) NOT NULL,
  `groupId` int(11) NOT NULL,
  `dateCreated` datetime NOT NULL,
  `dateUpdated` datetime NOT NULL,
  `uid` char(36) COLLATE utf8_unicode_ci NOT NULL DEFAULT '0',
  PRIMARY KEY (`id`),
  KEY `craft_categories_groupId_fk` (`groupId`)
) ENGINE=InnoDB DEFAULT CHARSET=utf8 COLLATE=utf8_unicode_ci;

--
-- Data for table `craft_categories`
--

INSERT INTO `craft_categories` (`id`, `groupId`, `dateCreated`, `dateUpdated`, `uid`) VALUES
 ('4', '1', '2016-04-19 23:50:24', '2016-04-19 23:50:24', '855a8785-5199-4e22-839d-197466872b33'),
 ('5', '1', '2016-04-19 23:50:32', '2016-04-19 23:50:32', 'c2d1a77a-986b-4f16-99ff-9cf3d1871297'),
 ('6', '1', '2016-04-19 23:50:40', '2016-04-19 23:50:40', '29b9cb18-aa4f-49a1-8824-c5aca49b39e1'),
 ('7', '1', '2016-04-19 23:51:07', '2016-04-19 23:51:07', '58f07ede-b426-45c2-a88a-e71092357323'),
 ('8', '2', '2016-04-19 23:59:28', '2016-04-19 23:59:28', '894b7938-9101-4253-af4f-0fb3499350f0'),
 ('9', '2', '2016-04-19 23:59:34', '2016-04-19 23:59:34', '816a5796-5f5b-454e-ae68-8d1db7dfd59c'),
 ('10', '2', '2016-04-19 23:59:40', '2016-04-19 23:59:40', 'ffc70132-4958-4ea0-9710-a2a5e345b20c'),
 ('11', '2', '2016-04-19 23:59:45', '2016-04-19 23:59:45', '45822728-61aa-45d7-9705-472b125609c6'),
 ('12', '2', '2016-04-19 23:59:50', '2016-04-19 23:59:50', '07556340-5885-4a2f-99e4-1e91f8c62b88'),
 ('13', '2', '2016-04-19 23:59:57', '2016-04-19 23:59:57', '1b974214-3cfe-425f-b59c-e4acced41081'),
 ('16', '2', '2016-04-20 00:22:27', '2016-04-20 00:22:27', '12285d14-fe2a-4eca-95fd-c2b3a5ebe214'),
 ('17', '2', '2016-04-20 00:22:32', '2016-04-20 00:22:32', '115fec80-c9c1-46d4-a462-27b570ceb853'),
 ('18', '2', '2016-04-20 00:22:36', '2016-04-20 00:22:36', 'c59dca14-ded5-4da1-84d8-16bd5e10c113'),
 ('26', '1', '2016-04-20 00:31:24', '2016-04-20 00:31:24', '621337bf-d6df-465f-b49e-5e76cc935866');



DROP TABLE IF EXISTS `craft_categorygroups`;


--
-- Schema for table `craft_categorygroups`
--
CREATE TABLE `craft_categorygroups` (
  `id` int(11) NOT NULL AUTO_INCREMENT,
  `structureId` int(11) NOT NULL,
  `fieldLayoutId` int(11) DEFAULT NULL,
  `name` varchar(255) COLLATE utf8_unicode_ci NOT NULL,
  `handle` varchar(255) COLLATE utf8_unicode_ci NOT NULL,
  `hasUrls` tinyint(1) unsigned NOT NULL DEFAULT '1',
  `template` varchar(500) COLLATE utf8_unicode_ci DEFAULT NULL,
  `dateCreated` datetime NOT NULL,
  `dateUpdated` datetime NOT NULL,
  `uid` char(36) COLLATE utf8_unicode_ci NOT NULL DEFAULT '0',
  PRIMARY KEY (`id`),
  UNIQUE KEY `craft_categorygroups_name_unq_idx` (`name`),
  UNIQUE KEY `craft_categorygroups_handle_unq_idx` (`handle`),
  KEY `craft_categorygroups_structureId_fk` (`structureId`),
  KEY `craft_categorygroups_fieldLayoutId_fk` (`fieldLayoutId`)
) ENGINE=InnoDB AUTO_INCREMENT=3 DEFAULT CHARSET=utf8 COLLATE=utf8_unicode_ci;

--
-- Data for table `craft_categorygroups`
--

INSERT INTO `craft_categorygroups` (`id`, `structureId`, `fieldLayoutId`, `name`, `handle`, `hasUrls`, `template`, `dateCreated`, `dateUpdated`, `uid`) VALUES
 ('1', '1', '7', 'Options', 'options', '0', NULL, '2016-04-19 23:49:57', '2016-04-19 23:49:57', 'e47704b3-8c00-43c3-a3dd-7490a20c3069'),
 ('2', '2', '8', 'Color', 'color', '0', NULL, '2016-04-19 23:58:45', '2016-04-19 23:58:45', 'e3701608-de66-46de-bc7c-2d8c47e5c347');



DROP TABLE IF EXISTS `craft_categorygroups_i18n`;


--
-- Schema for table `craft_categorygroups_i18n`
--
CREATE TABLE `craft_categorygroups_i18n` (
  `id` int(11) NOT NULL AUTO_INCREMENT,
  `groupId` int(11) NOT NULL,
  `locale` char(12) COLLATE utf8_unicode_ci NOT NULL,
  `urlFormat` text COLLATE utf8_unicode_ci,
  `nestedUrlFormat` text COLLATE utf8_unicode_ci,
  `dateCreated` datetime NOT NULL,
  `dateUpdated` datetime NOT NULL,
  `uid` char(36) COLLATE utf8_unicode_ci NOT NULL DEFAULT '0',
  PRIMARY KEY (`id`),
  UNIQUE KEY `craft_categorygroups_i18n_groupId_locale_unq_idx` (`groupId`,`locale`),
  KEY `craft_categorygroups_i18n_locale_fk` (`locale`)
) ENGINE=InnoDB AUTO_INCREMENT=3 DEFAULT CHARSET=utf8 COLLATE=utf8_unicode_ci;

--
-- Data for table `craft_categorygroups_i18n`
--

INSERT INTO `craft_categorygroups_i18n` (`id`, `groupId`, `locale`, `urlFormat`, `nestedUrlFormat`, `dateCreated`, `dateUpdated`, `uid`) VALUES
 ('1', '1', 'en_us', NULL, NULL, '2016-04-19 23:49:57', '2016-04-19 23:49:57', 'd298745d-b4cd-4358-8afb-df1232e0a612'),
 ('2', '2', 'en_us', NULL, NULL, '2016-04-19 23:58:45', '2016-04-19 23:58:45', 'b0c5bd90-12ca-4a59-870a-b20f5409b11f');



DROP TABLE IF EXISTS `craft_content`;


--
-- Schema for table `craft_content`
--
CREATE TABLE `craft_content` (
  `id` int(11) NOT NULL AUTO_INCREMENT,
  `elementId` int(11) NOT NULL,
  `locale` char(12) COLLATE utf8_unicode_ci NOT NULL,
  `title` varchar(255) COLLATE utf8_unicode_ci DEFAULT NULL,
  `field_body` text COLLATE utf8_unicode_ci,
  `field_mileage` int(10) unsigned DEFAULT '0',
  `field_transmission` varchar(255) COLLATE utf8_unicode_ci DEFAULT NULL,
  `field_year` int(10) unsigned DEFAULT '0',
  `dateCreated` datetime NOT NULL,
  `dateUpdated` datetime NOT NULL,
  `uid` char(36) COLLATE utf8_unicode_ci NOT NULL DEFAULT '0',
  PRIMARY KEY (`id`),
  UNIQUE KEY `craft_content_elementId_locale_unq_idx` (`elementId`,`locale`),
  KEY `craft_content_title_idx` (`title`),
  KEY `craft_content_locale_fk` (`locale`)
) ENGINE=InnoDB AUTO_INCREMENT=30 DEFAULT CHARSET=utf8 COLLATE=utf8_unicode_ci;

--
-- Data for table `craft_content`
--

INSERT INTO `craft_content` (`id`, `elementId`, `locale`, `title`, `field_body`, `field_mileage`, `field_transmission`, `field_year`, `dateCreated`, `dateUpdated`, `uid`) VALUES
 ('1', '1', 'en_us', NULL, NULL, '0', NULL, NULL, '2016-04-19 23:48:20', '2016-04-22 17:55:04', 'cf2eb122-0684-4c7f-8402-d5df4bad9ee7'),
 ('2', '2', 'en_us', 'Welcome to Filter-demo.local!', '<p>It’s true, this site doesn’t have a whole lot of content yet, but don’t worry. Our web developers have just installed the CMS, and they’re setting things up for the content editors this very moment. Soon Filter-demo.local will be an oasis of fresh perspectives, sharp analyses, and astute opinions that will keep you coming back again and again.</p>', '0', NULL, NULL, '2016-04-19 23:48:23', '2016-04-19 23:48:23', 'a192ae7d-c4fc-4f65-8de1-18840ad58e39'),
 ('4', '4', 'en_us', 'Bluetooth', NULL, '0', NULL, NULL, '2016-04-19 23:50:24', '2016-04-19 23:50:24', 'e8e2e72e-8b0f-409e-a398-de76bf3db03d'),
 ('5', '5', 'en_us', 'Leather Seats', NULL, '0', NULL, NULL, '2016-04-19 23:50:32', '2016-04-19 23:50:32', '94c565a2-12cd-4924-99d5-784d29d0cf82'),
 ('6', '6', 'en_us', 'Navigation System', NULL, '0', NULL, NULL, '2016-04-19 23:50:40', '2016-04-19 23:50:40', '19fb2c0e-064c-4ad5-8dd0-67f990d057e1'),
 ('7', '7', 'en_us', 'Tow Package', NULL, '0', NULL, NULL, '2016-04-19 23:51:07', '2016-04-19 23:51:07', 'd38a768b-832e-4e69-a14d-1c40eedc8eb3'),
 ('8', '8', 'en_us', 'Black', NULL, '0', NULL, NULL, '2016-04-19 23:59:28', '2016-04-19 23:59:28', '131cd6de-9e17-45c9-8f58-dcbac39594b9'),
 ('9', '9', 'en_us', 'Blue', NULL, '0', NULL, NULL, '2016-04-19 23:59:34', '2016-04-19 23:59:34', 'a59329af-98ac-4240-ae3a-92a299f98f61'),
 ('10', '10', 'en_us', 'Brown', NULL, '0', NULL, NULL, '2016-04-19 23:59:40', '2016-04-19 23:59:40', '4be13415-695a-4875-842b-2d69d8cb77bc'),
 ('11', '11', 'en_us', 'Green', NULL, '0', NULL, NULL, '2016-04-19 23:59:45', '2016-04-19 23:59:45', 'a1f55402-a61c-442f-8c55-ceff7a53b25a'),
 ('12', '12', 'en_us', 'Orange', NULL, '0', NULL, NULL, '2016-04-19 23:59:50', '2016-04-19 23:59:50', '25f55a08-ad46-478d-9f5d-d2fed5ee7aa7'),
 ('13', '13', 'en_us', 'Red', NULL, '0', NULL, NULL, '2016-04-19 23:59:57', '2016-04-19 23:59:57', '68c37c67-59bc-42ed-afe3-aa0b114daf39'),
 ('14', '14', 'en_us', '2008 Jeep Wrangler Sahara', NULL, '90080', 'Automatic', '2008', '2016-04-20 00:18:14', '2016-04-20 01:46:38', '214cc1c0-b4a5-4ec8-bd9c-e7acf033d65f'),
 ('15', '15', 'en_us', '2008 Jeep Wrangler Pic 7646248515740635338 1024X768', NULL, '0', NULL, '0', '2016-04-20 00:20:34', '2016-04-20 00:20:34', '5c4c9bbd-ed1d-4748-b5cb-6a6847965223'),
 ('16', '16', 'en_us', 'Silver', NULL, '0', NULL, '0', '2016-04-20 00:22:27', '2016-04-20 00:22:27', '316880fa-0bea-40d3-96e8-0139b777041a'),
 ('17', '17', 'en_us', 'White', NULL, '0', NULL, '0', '2016-04-20 00:22:32', '2016-04-20 00:22:32', '6bdc912d-2827-4dc3-a69f-559173944478'),
 ('18', '18', 'en_us', 'Yellow', NULL, '0', NULL, '0', '2016-04-20 00:22:36', '2016-04-20 00:22:36', '8ca19466-ce8a-4b05-aacd-e24f0a3bba2f'),
 ('19', '19', 'en_us', '2013 Jeep Wrangler Pic 1792666880785797455 1024X768', NULL, '0', NULL, '0', '2016-04-20 00:24:11', '2016-04-20 00:24:11', '6548a3af-842c-4723-9712-89a6d20d43b1'),
 ('20', '20', 'en_us', '2013 Jeep Wrangler Rubicon', NULL, '48638', 'Automatic', '2013', '2016-04-20 00:25:18', '2016-04-20 01:46:25', 'bd021b35-ac7b-40d0-beb5-3441705f0917'),
 ('21', '21', 'en_us', '2015 Jeep Wrangler Pic 7722881041516912113 1024X768', NULL, '0', NULL, '0', '2016-04-20 00:25:50', '2016-04-20 00:25:50', '7461ba64-aa90-48ba-ab17-5961c56eb622'),
 ('22', '22', 'en_us', '2015 Jeep Wrangler Willys Wheeler Edition', NULL, '35560', 'Manual', '2015', '2016-04-20 00:27:29', '2016-04-20 01:45:21', '9a5911fd-6721-4511-a8e1-4d512816bc38'),
 ('23', '23', 'en_us', '2014 Jeep Wrangler Pic 3968018468264780941 1024X768', NULL, '0', NULL, '0', '2016-04-20 00:28:48', '2016-04-20 00:28:48', '31388310-0c52-4e91-a8ce-89bc4139b3a3'),
 ('24', '24', 'en_us', '2014 Jeep Wrangler Rubicon', NULL, '12089', 'Automatic', '2014', '2016-04-20 00:29:37', '2016-04-20 01:46:14', 'c4a58aa9-5799-4d5e-a554-4f0a064ab282'),
 ('25', '25', 'en_us', '2013 Jeep Wrangler Pic 4749009949938766094 1024X768', NULL, '0', NULL, '0', '2016-04-20 00:30:24', '2016-04-20 00:30:24', 'e4641e2d-fadb-4d46-84eb-2862a8de8b39'),
 ('26', '26', 'en_us', 'Sunroof/Moonroof', NULL, '0', NULL, '0', '2016-04-20 00:31:24', '2016-04-20 00:31:24', '0683d899-39f3-4352-9e90-4c5ce8d85435'),
 ('27', '27', 'en_us', '2013 Jeep Wrangler Sport', NULL, '62815', 'Manual', '2013', '2016-04-20 00:31:36', '2016-04-20 01:45:06', 'cff94934-7c1b-4a55-a17b-ecdffdfcf143'),
 ('28', '28', 'en_us', '2016 Jeep Wrangler Pic 6806050375982797320 1024X768', NULL, '0', NULL, '0', '2016-04-20 00:33:27', '2016-04-20 00:33:27', '031017d1-9ada-4c9b-86bf-9dcfee388929'),
 ('29', '29', 'en_us', '2016 Jeep Wrangler Sport', NULL, '30', 'Manual', '2016', '2016-04-20 00:35:27', '2016-04-20 01:44:47', '8a451ef6-bdea-4e81-832a-71e7266f5707');



DROP TABLE IF EXISTS `craft_deprecationerrors`;


--
-- Schema for table `craft_deprecationerrors`
--
CREATE TABLE `craft_deprecationerrors` (
  `id` int(11) NOT NULL AUTO_INCREMENT,
  `key` varchar(255) COLLATE utf8_unicode_ci NOT NULL,
  `fingerprint` varchar(255) COLLATE utf8_unicode_ci NOT NULL,
  `lastOccurrence` datetime NOT NULL,
  `file` varchar(255) COLLATE utf8_unicode_ci NOT NULL,
  `line` smallint(6) unsigned NOT NULL,
  `class` varchar(255) COLLATE utf8_unicode_ci DEFAULT NULL,
  `method` varchar(255) COLLATE utf8_unicode_ci DEFAULT NULL,
  `template` varchar(255) COLLATE utf8_unicode_ci DEFAULT NULL,
  `templateLine` smallint(6) unsigned DEFAULT NULL,
  `message` varchar(255) COLLATE utf8_unicode_ci DEFAULT NULL,
  `traces` text COLLATE utf8_unicode_ci,
  `dateCreated` datetime NOT NULL,
  `dateUpdated` datetime NOT NULL,
  `uid` char(36) COLLATE utf8_unicode_ci NOT NULL DEFAULT '0',
  PRIMARY KEY (`id`),
  UNIQUE KEY `craft_deprecationerrors_key_fingerprint_unq_idx` (`key`,`fingerprint`)
) ENGINE=InnoDB DEFAULT CHARSET=utf8 COLLATE=utf8_unicode_ci;

DROP TABLE IF EXISTS `craft_elementindexsettings`;


--
-- Schema for table `craft_elementindexsettings`
--
CREATE TABLE `craft_elementindexsettings` (
  `id` int(11) NOT NULL AUTO_INCREMENT,
  `type` varchar(150) COLLATE utf8_unicode_ci NOT NULL,
  `settings` text COLLATE utf8_unicode_ci,
  `dateCreated` datetime NOT NULL,
  `dateUpdated` datetime NOT NULL,
  `uid` char(36) COLLATE utf8_unicode_ci NOT NULL DEFAULT '0',
  PRIMARY KEY (`id`),
  UNIQUE KEY `craft_elementindexsettings_type_unq_idx` (`type`)
) ENGINE=InnoDB AUTO_INCREMENT=2 DEFAULT CHARSET=utf8 COLLATE=utf8_unicode_ci;

--
-- Data for table `craft_elementindexsettings`
--

INSERT INTO `craft_elementindexsettings` (`id`, `type`, `settings`, `dateCreated`, `dateUpdated`, `uid`) VALUES
 ('1', 'Entry', '{\"sources\":{\"section:3\":{\"tableAttributes\":{\"1\":\"field:3\",\"2\":\"field:4\",\"3\":\"field:5\",\"4\":\"field:6\"}}}}', '2016-04-20 00:20:58', '2016-04-20 01:47:24', 'ccc6aa76-53b9-4f49-939c-861aa81fb836');



DROP TABLE IF EXISTS `craft_elements`;


--
-- Schema for table `craft_elements`
--
CREATE TABLE `craft_elements` (
  `id` int(11) NOT NULL AUTO_INCREMENT,
  `type` varchar(150) COLLATE utf8_unicode_ci NOT NULL,
  `enabled` tinyint(1) unsigned NOT NULL DEFAULT '1',
  `archived` tinyint(1) unsigned NOT NULL DEFAULT '0',
  `dateCreated` datetime NOT NULL,
  `dateUpdated` datetime NOT NULL,
  `uid` char(36) COLLATE utf8_unicode_ci NOT NULL DEFAULT '0',
  PRIMARY KEY (`id`),
  KEY `craft_elements_type_idx` (`type`),
  KEY `craft_elements_enabled_idx` (`enabled`),
  KEY `craft_elements_archived_dateCreated_idx` (`archived`,`dateCreated`)
) ENGINE=InnoDB AUTO_INCREMENT=30 DEFAULT CHARSET=utf8 COLLATE=utf8_unicode_ci;

--
-- Data for table `craft_elements`
--

INSERT INTO `craft_elements` (`id`, `type`, `enabled`, `archived`, `dateCreated`, `dateUpdated`, `uid`) VALUES
 ('1', 'User', '1', '0', '2016-04-19 23:48:20', '2016-04-22 17:55:04', 'fbb8f0b8-073d-4c1a-85b5-97aa48c1ad02'),
 ('2', 'Entry', '1', '0', '2016-04-19 23:48:23', '2016-04-19 23:48:23', '44dff10a-cf9d-454b-a5fa-43127a920b9e'),
 ('4', 'Category', '1', '0', '2016-04-19 23:50:24', '2016-04-19 23:50:24', '2bb1220a-acb8-4d49-96f3-52090d796668'),
 ('5', 'Category', '1', '0', '2016-04-19 23:50:32', '2016-04-19 23:50:32', 'a80adc96-69e2-4a9e-b398-b75b3a77d150'),
 ('6', 'Category', '1', '0', '2016-04-19 23:50:40', '2016-04-19 23:50:40', 'bf18d0f5-4ac5-46fc-8bf1-3f27125f346d'),
 ('7', 'Category', '1', '0', '2016-04-19 23:51:07', '2016-04-19 23:51:07', '6363d87b-0d93-4886-93fb-2e334f1f2f2c'),
 ('8', 'Category', '1', '0', '2016-04-19 23:59:28', '2016-04-19 23:59:28', '55e8f39c-db2c-427d-8024-80053451af5a'),
 ('9', 'Category', '1', '0', '2016-04-19 23:59:34', '2016-04-19 23:59:34', '96797b5c-2a4a-4585-b544-0987cce68857'),
 ('10', 'Category', '1', '0', '2016-04-19 23:59:40', '2016-04-19 23:59:40', '8c6888de-f550-430f-bdba-c36d3e528421'),
 ('11', 'Category', '1', '0', '2016-04-19 23:59:45', '2016-04-19 23:59:45', 'ff65dc95-890e-4cec-b72d-77e3d8d43372'),
 ('12', 'Category', '1', '0', '2016-04-19 23:59:50', '2016-04-19 23:59:50', '767c4496-5e5e-43b1-86f4-4e8c853339dc'),
 ('13', 'Category', '1', '0', '2016-04-19 23:59:57', '2016-04-19 23:59:57', '3dda65fb-c653-4d62-be0c-777cc0a8b986'),
 ('14', 'Entry', '1', '0', '2016-04-20 00:18:14', '2016-04-20 01:46:38', '07a00fb6-db37-4839-ab2a-2731993e2f17'),
 ('15', 'Asset', '1', '0', '2016-04-20 00:20:34', '2016-04-20 00:20:34', '12b22b7b-74f4-4cec-a8b2-cc7720c612cc'),
 ('16', 'Category', '1', '0', '2016-04-20 00:22:27', '2016-04-20 00:22:27', '2f421166-9a19-4ed1-9819-1fac6d84b8cf'),
 ('17', 'Category', '1', '0', '2016-04-20 00:22:32', '2016-04-20 00:22:32', '97b8014f-f27e-41c7-988b-a03df0e3ebfc'),
 ('18', 'Category', '1', '0', '2016-04-20 00:22:36', '2016-04-20 00:22:36', '1e6fd10f-89c5-4144-888e-2d2b86a39cdf'),
 ('19', 'Asset', '1', '0', '2016-04-20 00:24:11', '2016-04-20 00:24:11', '7ec3babb-f0c7-45a3-8a50-adc5815d31a0'),
 ('20', 'Entry', '1', '0', '2016-04-20 00:25:18', '2016-04-20 01:46:25', '1e1474d7-83ee-4d0e-84c7-365562d343fe'),
 ('21', 'Asset', '1', '0', '2016-04-20 00:25:50', '2016-04-20 00:25:50', 'aea5844e-b67d-4cab-a875-cf6469826561'),
 ('22', 'Entry', '1', '0', '2016-04-20 00:27:29', '2016-04-20 01:45:21', '8578f9e4-3adb-450d-9689-15fbab4620ec'),
 ('23', 'Asset', '1', '0', '2016-04-20 00:28:48', '2016-04-20 00:28:48', 'cb79392a-3582-41a3-a304-422ae053e7ab'),
 ('24', 'Entry', '1', '0', '2016-04-20 00:29:37', '2016-04-20 01:46:14', '8757d760-f3df-4f7f-84a9-931d548bb4bc'),
 ('25', 'Asset', '1', '0', '2016-04-20 00:30:24', '2016-04-20 00:30:24', '0690a3b4-d632-4812-aed6-ddb94fec3bbb'),
 ('26', 'Category', '1', '0', '2016-04-20 00:31:24', '2016-04-20 00:31:24', 'c9f0e44b-642f-46b7-9224-d7e330b9b8bd'),
 ('27', 'Entry', '1', '0', '2016-04-20 00:31:36', '2016-04-20 01:45:06', '3cf98336-308e-4841-a032-79b5d50561c8'),
 ('28', 'Asset', '1', '0', '2016-04-20 00:33:27', '2016-04-20 00:33:27', 'fbbf2c6d-6a90-417d-a8fe-5b635fff0e05'),
 ('29', 'Entry', '1', '0', '2016-04-20 00:35:27', '2016-04-20 01:44:47', '3a70a8ea-ce9f-4cc8-b1a7-0d530f2294bd');



DROP TABLE IF EXISTS `craft_elements_i18n`;


--
-- Schema for table `craft_elements_i18n`
--
CREATE TABLE `craft_elements_i18n` (
  `id` int(11) NOT NULL AUTO_INCREMENT,
  `elementId` int(11) NOT NULL,
  `locale` char(12) COLLATE utf8_unicode_ci NOT NULL,
  `slug` varchar(255) COLLATE utf8_unicode_ci DEFAULT NULL,
  `uri` varchar(255) COLLATE utf8_unicode_ci DEFAULT NULL,
  `enabled` tinyint(1) unsigned NOT NULL DEFAULT '1',
  `dateCreated` datetime NOT NULL,
  `dateUpdated` datetime NOT NULL,
  `uid` char(36) COLLATE utf8_unicode_ci NOT NULL DEFAULT '0',
  PRIMARY KEY (`id`),
  UNIQUE KEY `craft_elements_i18n_elementId_locale_unq_idx` (`elementId`,`locale`),
  UNIQUE KEY `craft_elements_i18n_uri_locale_unq_idx` (`uri`,`locale`),
  KEY `craft_elements_i18n_slug_locale_idx` (`slug`,`locale`),
  KEY `craft_elements_i18n_enabled_idx` (`enabled`),
  KEY `craft_elements_i18n_locale_fk` (`locale`)
) ENGINE=InnoDB AUTO_INCREMENT=30 DEFAULT CHARSET=utf8 COLLATE=utf8_unicode_ci;

--
-- Data for table `craft_elements_i18n`
--

INSERT INTO `craft_elements_i18n` (`id`, `elementId`, `locale`, `slug`, `uri`, `enabled`, `dateCreated`, `dateUpdated`, `uid`) VALUES
 ('1', '1', 'en_us', '', NULL, '1', '2016-04-19 23:48:20', '2016-04-22 17:55:04', 'cfeebf86-2566-48b6-a62a-7059de08528b'),
 ('2', '2', 'en_us', 'homepage', '__home__', '1', '2016-04-19 23:48:23', '2016-04-19 23:48:23', '21a845fb-d517-4fc4-b946-ba150ca99f8b'),
 ('4', '4', 'en_us', 'bluetooth', NULL, '1', '2016-04-19 23:50:24', '2016-04-19 23:50:24', '5950aeb1-282f-4b40-82dd-8f900dde72d8'),
 ('5', '5', 'en_us', 'leather-seats', NULL, '1', '2016-04-19 23:50:32', '2016-04-19 23:50:33', 'a0a54810-ac31-495a-823b-22c7e753f62c'),
 ('6', '6', 'en_us', 'navigation-system', NULL, '1', '2016-04-19 23:50:40', '2016-04-19 23:50:40', 'f5e32d91-6f14-409c-80ef-41d09943d7bd'),
 ('7', '7', 'en_us', 'tow-package', NULL, '1', '2016-04-19 23:51:07', '2016-04-19 23:51:07', '0c988380-19fa-49bd-9695-147ca9cb5ce8'),
 ('8', '8', 'en_us', 'black', NULL, '1', '2016-04-19 23:59:28', '2016-04-19 23:59:28', '3c1bccd9-c648-422e-a787-c1ee47848023'),
 ('9', '9', 'en_us', 'blue', NULL, '1', '2016-04-19 23:59:34', '2016-04-19 23:59:34', '9d501a23-d50b-4f8c-be86-2948f17df183'),
 ('10', '10', 'en_us', 'brown', NULL, '1', '2016-04-19 23:59:40', '2016-04-19 23:59:40', '214928f1-5345-4c47-b552-1d50e79caca0'),
 ('11', '11', 'en_us', 'green', NULL, '1', '2016-04-19 23:59:45', '2016-04-19 23:59:45', '3a1909b6-3110-41f9-a8c6-39d189735fea'),
 ('12', '12', 'en_us', 'orange', NULL, '1', '2016-04-19 23:59:50', '2016-04-19 23:59:50', 'be36e5f9-9c30-4090-8dd1-44adb71e253b'),
 ('13', '13', 'en_us', 'red', NULL, '1', '2016-04-19 23:59:57', '2016-04-19 23:59:57', 'd6b7ec89-4387-464e-97a4-67414efeb500'),
 ('14', '14', 'en_us', '2008-jeep-wrangler-sahara', 'jeeps/2008-jeep-wrangler-sahara', '1', '2016-04-20 00:18:14', '2016-04-20 01:46:38', '6c509bdb-b2f0-4a29-851e-371b03223bb3'),
 ('15', '15', 'en_us', '2008-jeep-wrangler-pic-7646248515740635338-1024x768', NULL, '1', '2016-04-20 00:20:34', '2016-04-20 00:20:34', 'a14a06e5-3858-4ce9-8b20-f0ea2ba59add'),
 ('16', '16', 'en_us', 'silver', NULL, '1', '2016-04-20 00:22:27', '2016-04-20 00:22:27', '6dc58a79-5e0e-474e-9407-c92fc1728a16'),
 ('17', '17', 'en_us', 'white', NULL, '1', '2016-04-20 00:22:32', '2016-04-20 00:22:32', '89035f94-2267-457e-b275-6cd2de0f917b'),
 ('18', '18', 'en_us', 'yellow', NULL, '1', '2016-04-20 00:22:36', '2016-04-20 00:22:36', '25d4b17e-6daf-42d7-8c57-c02b9ddba10a'),
 ('19', '19', 'en_us', '2013-jeep-wrangler-pic-1792666880785797455-1024x768', NULL, '1', '2016-04-20 00:24:11', '2016-04-20 00:24:11', 'faecfada-3553-4c1c-ad33-972fecd12b39'),
 ('20', '20', 'en_us', '2013-jeep-wrangler-rubicon', 'jeeps/2013-jeep-wrangler-rubicon', '1', '2016-04-20 00:25:18', '2016-04-20 01:46:25', 'a90f9f18-7a9f-4c75-8fda-dc4fcae5beaf'),
 ('21', '21', 'en_us', '2015-jeep-wrangler-pic-7722881041516912113-1024x768', NULL, '1', '2016-04-20 00:25:50', '2016-04-20 00:25:50', '55243c74-fa06-43c9-969d-37827e16bc61'),
 ('22', '22', 'en_us', '2015-jeep-wrangler-willys-wheeler-edition', 'jeeps/2015-jeep-wrangler-willys-wheeler-edition', '1', '2016-04-20 00:27:29', '2016-04-20 01:45:21', 'c4f5c7a8-6545-4148-b531-ac84e89b074e'),
 ('23', '23', 'en_us', '2014-jeep-wrangler-pic-3968018468264780941-1024x768', NULL, '1', '2016-04-20 00:28:48', '2016-04-20 00:28:48', '9ab98a10-b6ba-4abe-ba14-dbd46de53bf4'),
 ('24', '24', 'en_us', '2014-jeep-wrangler-rubicon', 'jeeps/2014-jeep-wrangler-rubicon', '1', '2016-04-20 00:29:37', '2016-04-20 01:46:14', 'ca8599e1-b71e-4f97-8119-12a08dfb40f3'),
 ('25', '25', 'en_us', '2013-jeep-wrangler-pic-4749009949938766094-1024x768', NULL, '1', '2016-04-20 00:30:24', '2016-04-20 00:30:24', '291882bf-bbad-472c-b894-8960b79b7f9c'),
 ('26', '26', 'en_us', 'sunroof-moonroof', NULL, '1', '2016-04-20 00:31:24', '2016-04-20 00:31:37', '26b43818-d1ec-4f0f-8d6a-a5293f8cb5b5'),
 ('27', '27', 'en_us', '2013-jeep-wrangler-sport', 'jeeps/2013-jeep-wrangler-sport', '1', '2016-04-20 00:31:36', '2016-04-20 01:45:06', '4bb10a27-2598-4566-a008-6c25dc99bc48'),
 ('28', '28', 'en_us', '2016-jeep-wrangler-pic-6806050375982797320-1024x768', NULL, '1', '2016-04-20 00:33:27', '2016-04-20 00:33:27', '9ac87c73-2013-4d28-8e3f-2599bbf836f7'),
 ('29', '29', 'en_us', '2016-jeep-wrangler-sport', 'jeeps/2016-jeep-wrangler-sport', '1', '2016-04-20 00:35:27', '2016-04-20 01:44:48', 'e2a213d3-8759-4522-b4be-cc34bedd2d01');



DROP TABLE IF EXISTS `craft_emailmessages`;


--
-- Schema for table `craft_emailmessages`
--
CREATE TABLE `craft_emailmessages` (
  `id` int(11) NOT NULL AUTO_INCREMENT,
  `key` char(150) COLLATE utf8_unicode_ci NOT NULL,
  `locale` char(12) COLLATE utf8_unicode_ci NOT NULL,
  `subject` varchar(1000) COLLATE utf8_unicode_ci NOT NULL,
  `body` text COLLATE utf8_unicode_ci NOT NULL,
  `dateCreated` datetime NOT NULL,
  `dateUpdated` datetime NOT NULL,
  `uid` char(36) COLLATE utf8_unicode_ci NOT NULL DEFAULT '0',
  PRIMARY KEY (`id`),
  UNIQUE KEY `craft_emailmessages_key_locale_unq_idx` (`key`,`locale`),
  KEY `craft_emailmessages_locale_fk` (`locale`)
) ENGINE=InnoDB DEFAULT CHARSET=utf8 COLLATE=utf8_unicode_ci;

DROP TABLE IF EXISTS `craft_entries`;


--
-- Schema for table `craft_entries`
--
CREATE TABLE `craft_entries` (
  `id` int(11) NOT NULL,
  `sectionId` int(11) NOT NULL,
  `typeId` int(11) DEFAULT NULL,
  `authorId` int(11) DEFAULT NULL,
  `postDate` datetime DEFAULT NULL,
  `expiryDate` datetime DEFAULT NULL,
  `dateCreated` datetime NOT NULL,
  `dateUpdated` datetime NOT NULL,
  `uid` char(36) COLLATE utf8_unicode_ci NOT NULL DEFAULT '0',
  PRIMARY KEY (`id`),
  KEY `craft_entries_sectionId_idx` (`sectionId`),
  KEY `craft_entries_typeId_idx` (`typeId`),
  KEY `craft_entries_postDate_idx` (`postDate`),
  KEY `craft_entries_expiryDate_idx` (`expiryDate`),
  KEY `craft_entries_authorId_fk` (`authorId`)
) ENGINE=InnoDB DEFAULT CHARSET=utf8 COLLATE=utf8_unicode_ci;

--
-- Data for table `craft_entries`
--

INSERT INTO `craft_entries` (`id`, `sectionId`, `typeId`, `authorId`, `postDate`, `expiryDate`, `dateCreated`, `dateUpdated`, `uid`) VALUES
 ('2', '1', NULL, NULL, '2016-04-19 23:48:23', NULL, '2016-04-19 23:48:23', '2016-04-19 23:48:23', '13e20e86-dbfb-4463-8c4a-b74c0ac6bc4d'),
 ('14', '3', '3', '1', '2016-04-20 00:18:00', NULL, '2016-04-20 00:18:14', '2016-04-20 01:46:38', '8a8db65c-f2b5-4ebf-86a4-a741f22701bb'),
 ('20', '3', '3', '1', '2016-04-20 00:25:00', NULL, '2016-04-20 00:25:18', '2016-04-20 01:46:25', '9a5cc998-be74-449d-80ef-8c514692a425'),
 ('22', '3', '3', '1', '2016-04-20 00:27:00', NULL, '2016-04-20 00:27:29', '2016-04-20 01:45:21', '36186878-86e7-4e5f-8c1a-08411c6af2f7'),
 ('24', '3', '3', '1', '2016-04-20 00:29:00', NULL, '2016-04-20 00:29:37', '2016-04-20 01:46:14', '7d9d1f61-0f68-4d4c-a765-9a092176e493'),
 ('27', '3', '3', '1', '2016-04-20 00:31:00', NULL, '2016-04-20 00:31:36', '2016-04-20 01:45:06', 'ee60f254-3447-40fb-b7ab-a2afb91fcd79'),
 ('29', '3', '3', '1', '2016-04-20 00:35:00', NULL, '2016-04-20 00:35:27', '2016-04-20 01:44:48', '9ecd75d4-44c9-4655-b67a-a6f20bfb07e4');



DROP TABLE IF EXISTS `craft_entrydrafts`;


--
-- Schema for table `craft_entrydrafts`
--
CREATE TABLE `craft_entrydrafts` (
  `id` int(11) NOT NULL AUTO_INCREMENT,
  `entryId` int(11) NOT NULL,
  `sectionId` int(11) NOT NULL,
  `creatorId` int(11) NOT NULL,
  `locale` char(12) COLLATE utf8_unicode_ci NOT NULL,
  `name` varchar(255) COLLATE utf8_unicode_ci NOT NULL,
  `notes` tinytext COLLATE utf8_unicode_ci,
  `data` mediumtext COLLATE utf8_unicode_ci NOT NULL,
  `dateCreated` datetime NOT NULL,
  `dateUpdated` datetime NOT NULL,
  `uid` char(36) COLLATE utf8_unicode_ci NOT NULL DEFAULT '0',
  PRIMARY KEY (`id`),
  KEY `craft_entrydrafts_entryId_locale_idx` (`entryId`,`locale`),
  KEY `craft_entrydrafts_sectionId_fk` (`sectionId`),
  KEY `craft_entrydrafts_creatorId_fk` (`creatorId`),
  KEY `craft_entrydrafts_locale_fk` (`locale`)
) ENGINE=InnoDB DEFAULT CHARSET=utf8 COLLATE=utf8_unicode_ci;

DROP TABLE IF EXISTS `craft_entrytypes`;


--
-- Schema for table `craft_entrytypes`
--
CREATE TABLE `craft_entrytypes` (
  `id` int(11) NOT NULL AUTO_INCREMENT,
  `sectionId` int(11) NOT NULL,
  `fieldLayoutId` int(11) DEFAULT NULL,
  `name` varchar(255) COLLATE utf8_unicode_ci NOT NULL,
  `handle` varchar(255) COLLATE utf8_unicode_ci NOT NULL,
  `hasTitleField` tinyint(1) unsigned NOT NULL DEFAULT '1',
  `titleLabel` varchar(255) COLLATE utf8_unicode_ci DEFAULT 'Title',
  `titleFormat` varchar(255) COLLATE utf8_unicode_ci DEFAULT NULL,
  `sortOrder` smallint(6) unsigned DEFAULT NULL,
  `dateCreated` datetime NOT NULL,
  `dateUpdated` datetime NOT NULL,
  `uid` char(36) COLLATE utf8_unicode_ci NOT NULL DEFAULT '0',
  PRIMARY KEY (`id`),
  UNIQUE KEY `craft_entrytypes_name_sectionId_unq_idx` (`name`,`sectionId`),
  UNIQUE KEY `craft_entrytypes_handle_sectionId_unq_idx` (`handle`,`sectionId`),
  KEY `craft_entrytypes_sectionId_fk` (`sectionId`),
  KEY `craft_entrytypes_fieldLayoutId_fk` (`fieldLayoutId`)
) ENGINE=InnoDB AUTO_INCREMENT=4 DEFAULT CHARSET=utf8 COLLATE=utf8_unicode_ci;

--
-- Data for table `craft_entrytypes`
--

INSERT INTO `craft_entrytypes` (`id`, `sectionId`, `fieldLayoutId`, `name`, `handle`, `hasTitleField`, `titleLabel`, `titleFormat`, `sortOrder`, `dateCreated`, `dateUpdated`, `uid`) VALUES
 ('1', '1', '3', 'Homepage', 'homepage', '1', 'Title', NULL, NULL, '2016-04-19 23:48:23', '2016-04-19 23:48:23', 'b45a2c33-f308-4450-8207-aae0ab1de7f1'),
 ('3', '3', '10', 'Jeeps', 'jeeps', '1', 'Title', NULL, NULL, '2016-04-19 23:49:09', '2016-04-20 00:13:21', '19b0ce49-f8e3-4eb0-95d0-77eaa23c866f');



DROP TABLE IF EXISTS `craft_entryversions`;


--
-- Schema for table `craft_entryversions`
--
CREATE TABLE `craft_entryversions` (
  `id` int(11) NOT NULL AUTO_INCREMENT,
  `entryId` int(11) NOT NULL,
  `sectionId` int(11) NOT NULL,
  `creatorId` int(11) DEFAULT NULL,
  `locale` char(12) COLLATE utf8_unicode_ci NOT NULL,
  `num` smallint(6) unsigned NOT NULL,
  `notes` tinytext COLLATE utf8_unicode_ci,
  `data` mediumtext COLLATE utf8_unicode_ci NOT NULL,
  `dateCreated` datetime NOT NULL,
  `dateUpdated` datetime NOT NULL,
  `uid` char(36) COLLATE utf8_unicode_ci NOT NULL DEFAULT '0',
  PRIMARY KEY (`id`),
  KEY `craft_entryversions_entryId_locale_idx` (`entryId`,`locale`),
  KEY `craft_entryversions_sectionId_fk` (`sectionId`),
  KEY `craft_entryversions_creatorId_fk` (`creatorId`),
  KEY `craft_entryversions_locale_fk` (`locale`)
) ENGINE=InnoDB AUTO_INCREMENT=20 DEFAULT CHARSET=utf8 COLLATE=utf8_unicode_ci;

--
-- Data for table `craft_entryversions`
--

INSERT INTO `craft_entryversions` (`id`, `entryId`, `sectionId`, `creatorId`, `locale`, `num`, `notes`, `data`, `dateCreated`, `dateUpdated`, `uid`) VALUES
 ('1', '2', '1', '1', 'en_us', '1', NULL, '{\"typeId\":\"1\",\"authorId\":null,\"title\":\"Homepage\",\"slug\":\"homepage\",\"postDate\":1461109703,\"expiryDate\":null,\"enabled\":1,\"parentId\":null,\"fields\":[]}', '2016-04-19 23:48:23', '2016-04-19 23:48:23', '04e9a4b4-3ce6-4a61-8b03-df843dcb2d4f'),
 ('2', '2', '1', '1', 'en_us', '2', NULL, '{\"typeId\":null,\"authorId\":null,\"title\":\"Welcome to Filter-demo.local!\",\"slug\":\"homepage\",\"postDate\":1461109703,\"expiryDate\":null,\"enabled\":\"1\",\"parentId\":null,\"fields\":{\"1\":\"<p>It\\u2019s true, this site doesn\\u2019t have a whole lot of content yet, but don\\u2019t worry. Our web developers have just installed the CMS, and they\\u2019re setting things up for the content editors this very moment. Soon Filter-demo.local will be an oasis of fresh perspectives, sharp analyses, and astute opinions that will keep you coming back again and again.<\\/p>\"}}', '2016-04-19 23:48:23', '2016-04-19 23:48:23', 'c1718227-77b4-4fc3-a056-2e2069ecd136'),
 ('4', '14', '3', '1', 'en_us', '1', '', '{\"typeId\":null,\"authorId\":\"1\",\"title\":\"2008 Jeep Wrangler Sahara\",\"slug\":\"2008-jeep-wrangler-sahara\",\"postDate\":1461111494,\"expiryDate\":null,\"enabled\":1,\"parentId\":null,\"fields\":{\"5\":[\"11\"],\"8\":\"\",\"3\":\"90,080\",\"6\":[\"5\",\"6\"],\"4\":\"manual\",\"7\":\"2008\"}}', '2016-04-20 00:18:14', '2016-04-20 00:18:14', 'af67dbc0-909d-4679-93c5-23df35c54bde'),
 ('5', '14', '3', '1', 'en_us', '2', '', '{\"typeId\":\"3\",\"authorId\":\"1\",\"title\":\"2008 Jeep Wrangler Sahara\",\"slug\":\"2008-jeep-wrangler-sahara\",\"postDate\":1461111480,\"expiryDate\":null,\"enabled\":1,\"parentId\":null,\"fields\":{\"5\":[\"11\"],\"8\":[\"15\"],\"3\":\"90080\",\"6\":[\"5\",\"6\"],\"4\":\"manual\",\"7\":\"2008\"}}', '2016-04-20 00:21:16', '2016-04-20 00:21:16', 'cdecc8be-dc3b-46bd-8e7b-b93cbea7296d'),
 ('6', '20', '3', '1', 'en_us', '1', '', '{\"typeId\":null,\"authorId\":\"1\",\"title\":\"2013 Jeep Wrangler Rubicon\",\"slug\":\"2013-jeep-wrangler-rubicon\",\"postDate\":1461111918,\"expiryDate\":null,\"enabled\":1,\"parentId\":null,\"fields\":{\"5\":[\"8\"],\"8\":[\"19\"],\"3\":\"48,638\",\"6\":[\"4\",\"5\",\"6\"],\"4\":\"automatic\",\"7\":\"2013\"}}', '2016-04-20 00:25:18', '2016-04-20 00:25:18', '7b0db6bd-cf73-4c5a-ad3b-2419a69dcd80'),
 ('7', '22', '3', '1', 'en_us', '1', '', '{\"typeId\":null,\"authorId\":\"1\",\"title\":\"2015 Jeep Wrangler Willys Wheeler Edition\",\"slug\":\"2015-jeep-wrangler-willys-wheeler-edition\",\"postDate\":1461112049,\"expiryDate\":null,\"enabled\":1,\"parentId\":null,\"fields\":{\"5\":[\"18\"],\"8\":[\"21\"],\"3\":\"35,560\",\"6\":\"\",\"4\":\"automatic\",\"7\":\"2015\"}}', '2016-04-20 00:27:29', '2016-04-20 00:27:29', '945c232d-4799-4f75-98ec-0e9eeba36b01'),
 ('8', '24', '3', '1', 'en_us', '1', '', '{\"typeId\":null,\"authorId\":\"1\",\"title\":\"2014 Jeep Wrangler Rubicon\",\"slug\":\"2014-jeep-wrangler-rubicon\",\"postDate\":1461112177,\"expiryDate\":null,\"enabled\":1,\"parentId\":null,\"fields\":{\"5\":[\"17\"],\"8\":[\"23\"],\"3\":\"12,089\",\"6\":[\"4\",\"6\"],\"4\":\"automatic\",\"7\":\"2014\"}}', '2016-04-20 00:29:37', '2016-04-20 00:29:37', '4317a19f-febe-48a6-bf3d-87a5664f1721'),
 ('9', '27', '3', '1', 'en_us', '1', '', '{\"typeId\":null,\"authorId\":\"1\",\"title\":\"2013 Jeep Wrangler Sport\",\"slug\":\"2013-jeep-wrangler-sport\",\"postDate\":1461112296,\"expiryDate\":null,\"enabled\":1,\"parentId\":null,\"fields\":{\"5\":[\"9\"],\"8\":[\"25\"],\"3\":\"62,815\",\"6\":[\"26\"],\"4\":\"automatic\",\"7\":\"2013\"}}', '2016-04-20 00:31:36', '2016-04-20 00:31:36', '73e800a7-e2b9-4d82-9bed-c0294ec30b3a'),
 ('10', '29', '3', '1', 'en_us', '1', '', '{\"typeId\":null,\"authorId\":\"1\",\"title\":\"2016 Jeep Wrangler Sport\",\"slug\":\"2016-jeep-wrangler-sport\",\"postDate\":1461112527,\"expiryDate\":null,\"enabled\":1,\"parentId\":null,\"fields\":{\"5\":[\"11\"],\"8\":[\"28\"],\"3\":\"30\",\"6\":[\"4\",\"6\"],\"4\":\"automatic\",\"7\":\"2016\"}}', '2016-04-20 00:35:27', '2016-04-20 00:35:27', 'd90f477a-f328-4038-8e7b-a238b03bc9b2'),
 ('11', '29', '3', '1', 'en_us', '2', '', '{\"typeId\":\"3\",\"authorId\":\"1\",\"title\":\"2016 Jeep Wrangler Sport\",\"slug\":\"2016-jeep-wrangler-sport\",\"postDate\":1461112500,\"expiryDate\":null,\"enabled\":1,\"parentId\":null,\"fields\":{\"5\":[\"11\"],\"8\":[\"28\"],\"3\":\"30\",\"6\":[\"4\",\"6\"],\"4\":\"Manual\",\"7\":\"2016\"}}', '2016-04-20 01:44:48', '2016-04-20 01:44:48', '225e422a-0de9-4e98-a20d-13609e8f142e'),
 ('12', '27', '3', '1', 'en_us', '2', '', '{\"typeId\":\"3\",\"authorId\":\"1\",\"title\":\"2013 Jeep Wrangler Sport\",\"slug\":\"2013-jeep-wrangler-sport\",\"postDate\":1461112260,\"expiryDate\":null,\"enabled\":1,\"parentId\":null,\"fields\":{\"5\":[\"9\"],\"8\":[\"25\"],\"3\":\"62815\",\"6\":[\"26\"],\"4\":\"Manual\",\"7\":\"2013\"}}', '2016-04-20 01:45:06', '2016-04-20 01:45:06', '16076fbf-a078-4ae1-a8ed-66af79382c5c'),
 ('13', '14', '3', '1', 'en_us', '3', '', '{\"typeId\":\"3\",\"authorId\":\"1\",\"title\":\"2008 Jeep Wrangler Sahara\",\"slug\":\"2008-jeep-wrangler-sahara\",\"postDate\":1461111480,\"expiryDate\":null,\"enabled\":1,\"parentId\":null,\"fields\":{\"5\":[\"11\"],\"8\":[\"15\"],\"3\":\"90080\",\"6\":[\"5\",\"6\"],\"4\":\"Manual\",\"7\":\"2008\"}}', '2016-04-20 01:45:19', '2016-04-20 01:45:19', 'df9c2fd8-e561-42c1-88ae-5dc7b4c6f55a'),
 ('14', '20', '3', '1', 'en_us', '2', '', '{\"typeId\":\"3\",\"authorId\":\"1\",\"title\":\"2013 Jeep Wrangler Rubicon\",\"slug\":\"2013-jeep-wrangler-rubicon\",\"postDate\":1461111900,\"expiryDate\":null,\"enabled\":1,\"parentId\":null,\"fields\":{\"5\":[\"8\"],\"8\":[\"19\"],\"3\":\"48638\",\"6\":[\"4\",\"5\",\"6\"],\"4\":\"Manual\",\"7\":\"2013\"}}', '2016-04-20 01:45:20', '2016-04-20 01:45:20', '24069be4-f64b-4c5f-8659-b32f3839d4d4'),
 ('15', '22', '3', '1', 'en_us', '2', '', '{\"typeId\":\"3\",\"authorId\":\"1\",\"title\":\"2015 Jeep Wrangler Willys Wheeler Edition\",\"slug\":\"2015-jeep-wrangler-willys-wheeler-edition\",\"postDate\":1461112020,\"expiryDate\":null,\"enabled\":1,\"parentId\":null,\"fields\":{\"5\":[\"18\"],\"8\":[\"21\"],\"3\":\"35560\",\"6\":\"\",\"4\":\"Manual\",\"7\":\"2015\"}}', '2016-04-20 01:45:21', '2016-04-20 01:45:21', 'a80fd85a-8f55-434d-b4ed-f55ed5a1b91f'),
 ('16', '24', '3', '1', 'en_us', '2', '', '{\"typeId\":\"3\",\"authorId\":\"1\",\"title\":\"2014 Jeep Wrangler Rubicon\",\"slug\":\"2014-jeep-wrangler-rubicon\",\"postDate\":1461112140,\"expiryDate\":null,\"enabled\":1,\"parentId\":null,\"fields\":{\"5\":[\"17\"],\"8\":[\"23\"],\"3\":\"12089\",\"6\":[\"4\",\"6\"],\"4\":\"Manual\",\"7\":\"2014\"}}', '2016-04-20 01:45:23', '2016-04-20 01:45:23', '7600a520-f6d6-46a9-af12-ae65d9f2279a'),
 ('17', '24', '3', '1', 'en_us', '3', '', '{\"typeId\":\"3\",\"authorId\":\"1\",\"title\":\"2014 Jeep Wrangler Rubicon\",\"slug\":\"2014-jeep-wrangler-rubicon\",\"postDate\":1461112140,\"expiryDate\":null,\"enabled\":1,\"parentId\":null,\"fields\":{\"5\":[\"17\"],\"8\":[\"23\"],\"3\":\"12089\",\"6\":[\"4\",\"6\"],\"4\":\"Automatic\",\"7\":\"2014\"}}', '2016-04-20 01:46:14', '2016-04-20 01:46:14', '07b4b259-f63a-4d15-b603-7449ea496997'),
 ('18', '20', '3', '1', 'en_us', '3', '', '{\"typeId\":\"3\",\"authorId\":\"1\",\"title\":\"2013 Jeep Wrangler Rubicon\",\"slug\":\"2013-jeep-wrangler-rubicon\",\"postDate\":1461111900,\"expiryDate\":null,\"enabled\":1,\"parentId\":null,\"fields\":{\"5\":[\"8\"],\"8\":[\"19\"],\"3\":\"48638\",\"6\":[\"4\",\"5\",\"6\"],\"4\":\"Automatic\",\"7\":\"2013\"}}', '2016-04-20 01:46:25', '2016-04-20 01:46:25', '18fa79ed-581b-4ecf-a44a-f4ccadeba321'),
 ('19', '14', '3', '1', 'en_us', '4', '', '{\"typeId\":\"3\",\"authorId\":\"1\",\"title\":\"2008 Jeep Wrangler Sahara\",\"slug\":\"2008-jeep-wrangler-sahara\",\"postDate\":1461111480,\"expiryDate\":null,\"enabled\":1,\"parentId\":null,\"fields\":{\"5\":[\"11\"],\"8\":[\"15\"],\"3\":\"90080\",\"6\":[\"5\",\"6\"],\"4\":\"Automatic\",\"7\":\"2008\"}}', '2016-04-20 01:46:38', '2016-04-20 01:46:38', '28226cf1-5eb4-48f0-a004-f8800f0d26a5');



DROP TABLE IF EXISTS `craft_fieldgroups`;


--
-- Schema for table `craft_fieldgroups`
--
CREATE TABLE `craft_fieldgroups` (
  `id` int(11) NOT NULL AUTO_INCREMENT,
  `name` varchar(255) COLLATE utf8_unicode_ci NOT NULL,
  `dateCreated` datetime NOT NULL,
  `dateUpdated` datetime NOT NULL,
  `uid` char(36) COLLATE utf8_unicode_ci NOT NULL DEFAULT '0',
  PRIMARY KEY (`id`),
  UNIQUE KEY `craft_fieldgroups_name_unq_idx` (`name`)
) ENGINE=InnoDB AUTO_INCREMENT=2 DEFAULT CHARSET=utf8 COLLATE=utf8_unicode_ci;

--
-- Data for table `craft_fieldgroups`
--

INSERT INTO `craft_fieldgroups` (`id`, `name`, `dateCreated`, `dateUpdated`, `uid`) VALUES
 ('1', 'Default', '2016-04-19 23:48:23', '2016-04-19 23:48:23', '288beb4a-4ffd-4ae1-8b29-280724421c4a');



DROP TABLE IF EXISTS `craft_fieldlayoutfields`;


--
-- Schema for table `craft_fieldlayoutfields`
--
CREATE TABLE `craft_fieldlayoutfields` (
  `id` int(11) NOT NULL AUTO_INCREMENT,
  `layoutId` int(11) NOT NULL,
  `tabId` int(11) NOT NULL,
  `fieldId` int(11) NOT NULL,
  `required` tinyint(1) unsigned NOT NULL DEFAULT '0',
  `sortOrder` smallint(6) unsigned DEFAULT NULL,
  `dateCreated` datetime NOT NULL,
  `dateUpdated` datetime NOT NULL,
  `uid` char(36) COLLATE utf8_unicode_ci NOT NULL DEFAULT '0',
  PRIMARY KEY (`id`),
  UNIQUE KEY `craft_fieldlayoutfields_layoutId_fieldId_unq_idx` (`layoutId`,`fieldId`),
  KEY `craft_fieldlayoutfields_sortOrder_idx` (`sortOrder`),
  KEY `craft_fieldlayoutfields_tabId_fk` (`tabId`),
  KEY `craft_fieldlayoutfields_fieldId_fk` (`fieldId`)
) ENGINE=InnoDB AUTO_INCREMENT=10 DEFAULT CHARSET=utf8 COLLATE=utf8_unicode_ci;

--
-- Data for table `craft_fieldlayoutfields`
--

INSERT INTO `craft_fieldlayoutfields` (`id`, `layoutId`, `tabId`, `fieldId`, `required`, `sortOrder`, `dateCreated`, `dateUpdated`, `uid`) VALUES
 ('1', '3', '1', '1', '1', '1', '2016-04-19 23:48:23', '2016-04-19 23:48:23', '60743a83-fe2b-4237-89d7-1ee3746afa06'),
 ('2', '5', '2', '1', '1', '1', '2016-04-19 23:48:23', '2016-04-19 23:48:23', 'f953805d-d0a8-435c-bb28-5bf35dbff87c'),
 ('4', '10', '3', '8', '0', '1', '2016-04-20 00:13:21', '2016-04-20 00:13:21', '736a3824-320f-4576-a335-63efeaf86d47'),
 ('5', '10', '3', '7', '0', '2', '2016-04-20 00:13:21', '2016-04-20 00:13:21', '5f981537-361d-4b5c-b573-9bd4f7118fb2'),
 ('6', '10', '3', '3', '0', '3', '2016-04-20 00:13:21', '2016-04-20 00:13:21', 'b8f716cc-ef38-400d-9b6e-533af964994f'),
 ('7', '10', '3', '4', '0', '4', '2016-04-20 00:13:21', '2016-04-20 00:13:21', '59ff901f-e0d1-4941-9752-84a4a51a37dc'),
 ('8', '10', '3', '5', '0', '5', '2016-04-20 00:13:21', '2016-04-20 00:13:21', '0cf9ebc3-018b-4e68-84e5-9677a7f5e5b1'),
 ('9', '10', '3', '6', '0', '6', '2016-04-20 00:13:21', '2016-04-20 00:13:21', '35f6fa57-5b48-4b2b-9b11-b898e0113288');



DROP TABLE IF EXISTS `craft_fieldlayouts`;


--
-- Schema for table `craft_fieldlayouts`
--
CREATE TABLE `craft_fieldlayouts` (
  `id` int(11) NOT NULL AUTO_INCREMENT,
  `type` varchar(150) COLLATE utf8_unicode_ci NOT NULL,
  `dateCreated` datetime NOT NULL,
  `dateUpdated` datetime NOT NULL,
  `uid` char(36) COLLATE utf8_unicode_ci NOT NULL DEFAULT '0',
  PRIMARY KEY (`id`),
  KEY `craft_fieldlayouts_type_idx` (`type`)
) ENGINE=InnoDB AUTO_INCREMENT=11 DEFAULT CHARSET=utf8 COLLATE=utf8_unicode_ci;

--
-- Data for table `craft_fieldlayouts`
--

INSERT INTO `craft_fieldlayouts` (`id`, `type`, `dateCreated`, `dateUpdated`, `uid`) VALUES
 ('1', 'Tag', '2016-04-19 23:48:23', '2016-04-19 23:48:23', '04cc9f2c-423b-4c9e-810c-f5c23dd7b350'),
 ('3', 'Entry', '2016-04-19 23:48:23', '2016-04-19 23:48:23', '1e62026a-fd95-4b30-8ad6-5314d201b313'),
 ('5', 'Entry', '2016-04-19 23:48:23', '2016-04-19 23:48:23', '6220751a-0d9e-4f24-a64f-30c123fa644c'),
 ('7', 'Category', '2016-04-19 23:49:57', '2016-04-19 23:49:57', 'e1d20ce6-087d-4144-968f-938419d34653'),
 ('8', 'Category', '2016-04-19 23:58:45', '2016-04-19 23:58:45', 'b5aef7a9-1b2a-48eb-9f54-b444585cf5ee'),
 ('9', 'Asset', '2016-04-20 00:11:45', '2016-04-20 00:11:45', 'b17f2a6c-cac3-4fca-accb-0034abcc66f1'),
 ('10', 'Entry', '2016-04-20 00:13:21', '2016-04-20 00:13:21', '36ba49ec-67f4-4e21-8b33-44778bd6ef9b');



DROP TABLE IF EXISTS `craft_fieldlayouttabs`;


--
-- Schema for table `craft_fieldlayouttabs`
--
CREATE TABLE `craft_fieldlayouttabs` (
  `id` int(11) NOT NULL AUTO_INCREMENT,
  `layoutId` int(11) NOT NULL,
  `name` varchar(255) COLLATE utf8_unicode_ci NOT NULL,
  `sortOrder` smallint(6) unsigned DEFAULT NULL,
  `dateCreated` datetime NOT NULL,
  `dateUpdated` datetime NOT NULL,
  `uid` char(36) COLLATE utf8_unicode_ci NOT NULL DEFAULT '0',
  PRIMARY KEY (`id`),
  KEY `craft_fieldlayouttabs_sortOrder_idx` (`sortOrder`),
  KEY `craft_fieldlayouttabs_layoutId_fk` (`layoutId`)
) ENGINE=InnoDB AUTO_INCREMENT=4 DEFAULT CHARSET=utf8 COLLATE=utf8_unicode_ci;

--
-- Data for table `craft_fieldlayouttabs`
--

INSERT INTO `craft_fieldlayouttabs` (`id`, `layoutId`, `name`, `sortOrder`, `dateCreated`, `dateUpdated`, `uid`) VALUES
 ('1', '3', 'Content', '1', '2016-04-19 23:48:23', '2016-04-19 23:48:23', '2de476d9-19eb-448a-b5a2-738f306201ca'),
 ('2', '5', 'Content', '1', '2016-04-19 23:48:23', '2016-04-19 23:48:23', 'c750b99d-2187-4e17-8e12-784a26a229e0'),
 ('3', '10', 'Default', '1', '2016-04-20 00:13:21', '2016-04-20 00:13:21', '55a95478-49ef-4106-b740-cf6dcfaee040');



DROP TABLE IF EXISTS `craft_fields`;


--
-- Schema for table `craft_fields`
--
CREATE TABLE `craft_fields` (
  `id` int(11) NOT NULL AUTO_INCREMENT,
  `groupId` int(11) DEFAULT NULL,
  `name` varchar(255) COLLATE utf8_unicode_ci NOT NULL,
  `handle` varchar(58) COLLATE utf8_unicode_ci NOT NULL,
  `context` varchar(255) COLLATE utf8_unicode_ci NOT NULL DEFAULT 'global',
  `instructions` text COLLATE utf8_unicode_ci,
  `translatable` tinyint(1) unsigned NOT NULL DEFAULT '0',
  `type` varchar(150) COLLATE utf8_unicode_ci NOT NULL,
  `settings` text COLLATE utf8_unicode_ci,
  `dateCreated` datetime NOT NULL,
  `dateUpdated` datetime NOT NULL,
  `uid` char(36) COLLATE utf8_unicode_ci NOT NULL DEFAULT '0',
  PRIMARY KEY (`id`),
  UNIQUE KEY `craft_fields_handle_context_unq_idx` (`handle`,`context`),
  KEY `craft_fields_context_idx` (`context`),
  KEY `craft_fields_groupId_fk` (`groupId`)
) ENGINE=InnoDB AUTO_INCREMENT=9 DEFAULT CHARSET=utf8 COLLATE=utf8_unicode_ci;

--
-- Data for table `craft_fields`
--

INSERT INTO `craft_fields` (`id`, `groupId`, `name`, `handle`, `context`, `instructions`, `translatable`, `type`, `settings`, `dateCreated`, `dateUpdated`, `uid`) VALUES
 ('1', '1', 'Body', 'body', 'global', NULL, '1', 'RichText', '{\"configFile\":\"Standard.json\",\"columnType\":\"text\"}', '2016-04-19 23:48:23', '2016-04-19 23:48:23', '645c04ee-aecb-44b8-91ca-4b9099b9f87c'),
 ('3', '1', 'Mileage', 'mileage', 'global', '', '0', 'Number', '{\"min\":\"0\",\"max\":\"\",\"decimals\":\"0\"}', '2016-04-19 23:52:45', '2016-04-20 00:06:52', '57224b8a-fcac-4a7d-85d8-2d25ffe56440'),
 ('4', '1', 'Transmission', 'transmission', 'global', '', '0', 'Dropdown', '{\"options\":[{\"label\":\"Manual\",\"value\":\"Manual\",\"default\":\"\"},{\"label\":\"Automatic\",\"value\":\"Automatic\",\"default\":\"\"}]}', '2016-04-19 23:53:51', '2016-04-20 01:44:29', 'b6646d3c-35d8-425c-a38c-f8ec9a65ae0c'),
 ('5', '1', 'Color', 'color', 'global', '', '0', 'Categories', '{\"source\":\"group:2\",\"limit\":\"1\",\"selectionLabel\":\"\"}', '2016-04-20 00:04:57', '2016-04-20 00:04:57', 'dc135736-9696-40db-9af2-5866965c3abd'),
 ('6', '1', 'Options', 'options', 'global', '', '0', 'Categories', '{\"source\":\"group:1\",\"limit\":\"\",\"selectionLabel\":\"\"}', '2016-04-20 00:05:16', '2016-04-20 00:05:16', 'f0dc1a75-c5f0-4af8-8a2f-3b5cb17a9429'),
 ('7', '1', 'Year', 'year', 'global', '', '0', 'Number', '{\"min\":\"0\",\"max\":\"\",\"decimals\":\"0\"}', '2016-04-20 00:09:24', '2016-04-20 00:15:56', 'e8556cba-4e01-445b-9310-7e3597166b23'),
 ('8', '1', 'Image', 'image', 'global', '', '0', 'Assets', '{\"useSingleFolder\":\"1\",\"sources\":[\"folder:1\"],\"defaultUploadLocationSource\":\"1\",\"defaultUploadLocationSubpath\":\"\",\"singleUploadLocationSource\":\"1\",\"singleUploadLocationSubpath\":\"\",\"restrictFiles\":\"1\",\"allowedKinds\":[\"image\"],\"limit\":\"1\",\"viewMode\":\"large\",\"selectionLabel\":\"\"}', '2016-04-20 00:12:30', '2016-04-20 00:12:30', '3c45286e-80bb-47bc-a843-612fae65602f');



DROP TABLE IF EXISTS `craft_globalsets`;


--
-- Schema for table `craft_globalsets`
--
CREATE TABLE `craft_globalsets` (
  `id` int(11) NOT NULL,
  `name` varchar(255) COLLATE utf8_unicode_ci NOT NULL,
  `handle` varchar(255) COLLATE utf8_unicode_ci NOT NULL,
  `fieldLayoutId` int(10) DEFAULT NULL,
  `dateCreated` datetime NOT NULL,
  `dateUpdated` datetime NOT NULL,
  `uid` char(36) COLLATE utf8_unicode_ci NOT NULL DEFAULT '0',
  PRIMARY KEY (`id`),
  UNIQUE KEY `craft_globalsets_name_unq_idx` (`name`),
  UNIQUE KEY `craft_globalsets_handle_unq_idx` (`handle`),
  KEY `craft_globalsets_fieldLayoutId_fk` (`fieldLayoutId`)
) ENGINE=InnoDB DEFAULT CHARSET=utf8 COLLATE=utf8_unicode_ci;

DROP TABLE IF EXISTS `craft_info`;


--
-- Schema for table `craft_info`
--
CREATE TABLE `craft_info` (
  `id` int(11) NOT NULL AUTO_INCREMENT,
  `version` varchar(15) COLLATE utf8_unicode_ci NOT NULL,
  `build` int(11) unsigned NOT NULL,
  `schemaVersion` varchar(15) COLLATE utf8_unicode_ci NOT NULL,
  `releaseDate` datetime NOT NULL,
  `edition` tinyint(1) unsigned NOT NULL DEFAULT '0',
  `siteName` varchar(100) COLLATE utf8_unicode_ci NOT NULL,
  `siteUrl` varchar(255) COLLATE utf8_unicode_ci NOT NULL,
  `timezone` varchar(30) COLLATE utf8_unicode_ci DEFAULT NULL,
  `on` tinyint(1) unsigned NOT NULL DEFAULT '0',
  `maintenance` tinyint(1) unsigned NOT NULL DEFAULT '0',
  `track` varchar(40) COLLATE utf8_unicode_ci NOT NULL,
  `dateCreated` datetime NOT NULL,
  `dateUpdated` datetime NOT NULL,
  `uid` char(36) COLLATE utf8_unicode_ci NOT NULL DEFAULT '0',
  PRIMARY KEY (`id`)
) ENGINE=InnoDB AUTO_INCREMENT=2 DEFAULT CHARSET=utf8 COLLATE=utf8_unicode_ci;

--
-- Data for table `craft_info`
--

INSERT INTO `craft_info` (`id`, `version`, `build`, `schemaVersion`, `releaseDate`, `edition`, `siteName`, `siteUrl`, `timezone`, `on`, `maintenance`, `track`, `dateCreated`, `dateUpdated`, `uid`) VALUES
 ('1', '2.6', '2780', '2.6.3', '2016-04-05 21:38:27', '0', 'Filter Demo', 'http://filter-demo.local', 'UTC', '1', '0', 'stable', '2016-04-19 23:48:18', '2016-04-19 23:48:18', '53b8eec8-11ac-42ee-9e4c-6d788f9f94f9');



DROP TABLE IF EXISTS `craft_locales`;


--
-- Schema for table `craft_locales`
--
CREATE TABLE `craft_locales` (
  `locale` char(12) COLLATE utf8_unicode_ci NOT NULL,
  `sortOrder` smallint(6) unsigned DEFAULT NULL,
  `dateCreated` datetime NOT NULL,
  `dateUpdated` datetime NOT NULL,
  `uid` char(36) COLLATE utf8_unicode_ci NOT NULL DEFAULT '0',
  PRIMARY KEY (`locale`),
  KEY `craft_locales_sortOrder_idx` (`sortOrder`)
) ENGINE=InnoDB DEFAULT CHARSET=utf8 COLLATE=utf8_unicode_ci;

--
-- Data for table `craft_locales`
--

INSERT INTO `craft_locales` (`locale`, `sortOrder`, `dateCreated`, `dateUpdated`, `uid`) VALUES
 ('en_us', '1', '2016-04-19 23:48:18', '2016-04-19 23:48:18', 'd24b2f84-c45a-490d-8477-5cf6c8eb3abd');



DROP TABLE IF EXISTS `craft_matrixblocks`;


--
-- Schema for table `craft_matrixblocks`
--
CREATE TABLE `craft_matrixblocks` (
  `id` int(11) NOT NULL,
  `ownerId` int(11) NOT NULL,
  `fieldId` int(11) NOT NULL,
  `typeId` int(11) DEFAULT NULL,
  `sortOrder` smallint(6) unsigned DEFAULT NULL,
  `ownerLocale` char(12) COLLATE utf8_unicode_ci DEFAULT NULL,
  `dateCreated` datetime NOT NULL,
  `dateUpdated` datetime NOT NULL,
  `uid` char(36) COLLATE utf8_unicode_ci NOT NULL DEFAULT '0',
  PRIMARY KEY (`id`),
  KEY `craft_matrixblocks_ownerId_idx` (`ownerId`),
  KEY `craft_matrixblocks_fieldId_idx` (`fieldId`),
  KEY `craft_matrixblocks_typeId_idx` (`typeId`),
  KEY `craft_matrixblocks_sortOrder_idx` (`sortOrder`),
  KEY `craft_matrixblocks_ownerLocale_fk` (`ownerLocale`)
) ENGINE=InnoDB DEFAULT CHARSET=utf8 COLLATE=utf8_unicode_ci;

DROP TABLE IF EXISTS `craft_matrixblocktypes`;


--
-- Schema for table `craft_matrixblocktypes`
--
CREATE TABLE `craft_matrixblocktypes` (
  `id` int(11) NOT NULL AUTO_INCREMENT,
  `fieldId` int(11) NOT NULL,
  `fieldLayoutId` int(11) DEFAULT NULL,
  `name` varchar(255) COLLATE utf8_unicode_ci NOT NULL,
  `handle` varchar(255) COLLATE utf8_unicode_ci NOT NULL,
  `sortOrder` smallint(6) unsigned DEFAULT NULL,
  `dateCreated` datetime NOT NULL,
  `dateUpdated` datetime NOT NULL,
  `uid` char(36) COLLATE utf8_unicode_ci NOT NULL DEFAULT '0',
  PRIMARY KEY (`id`),
  UNIQUE KEY `craft_matrixblocktypes_name_fieldId_unq_idx` (`name`,`fieldId`),
  UNIQUE KEY `craft_matrixblocktypes_handle_fieldId_unq_idx` (`handle`,`fieldId`),
  KEY `craft_matrixblocktypes_fieldId_fk` (`fieldId`),
  KEY `craft_matrixblocktypes_fieldLayoutId_fk` (`fieldLayoutId`)
) ENGINE=InnoDB DEFAULT CHARSET=utf8 COLLATE=utf8_unicode_ci;

DROP TABLE IF EXISTS `craft_migrations`;


--
-- Schema for table `craft_migrations`
--
CREATE TABLE `craft_migrations` (
  `id` int(11) NOT NULL AUTO_INCREMENT,
  `pluginId` int(11) DEFAULT NULL,
  `version` varchar(255) COLLATE utf8_unicode_ci NOT NULL,
  `applyTime` datetime NOT NULL,
  `dateCreated` datetime NOT NULL,
  `dateUpdated` datetime NOT NULL,
  `uid` char(36) COLLATE utf8_unicode_ci NOT NULL DEFAULT '0',
  PRIMARY KEY (`id`),
  UNIQUE KEY `craft_migrations_version_unq_idx` (`version`),
  KEY `craft_migrations_pluginId_fk` (`pluginId`)
) ENGINE=InnoDB AUTO_INCREMENT=32 DEFAULT CHARSET=utf8 COLLATE=utf8_unicode_ci;

--
-- Data for table `craft_migrations`
--

INSERT INTO `craft_migrations` (`id`, `pluginId`, `version`, `applyTime`, `dateCreated`, `dateUpdated`, `uid`) VALUES
 ('1', NULL, 'm000000_000000_base', '2016-04-19 23:48:18', '2016-04-19 23:48:18', '2016-04-19 23:48:18', 'b225b8f5-7dc2-4f45-8416-550c4f1c59b5'),
 ('2', NULL, 'm140730_000001_add_filename_and_format_to_transformindex', '2016-04-19 23:48:18', '2016-04-19 23:48:18', '2016-04-19 23:48:18', '384528d9-d9d2-4d7d-99d9-111ca06b24b2'),
 ('3', NULL, 'm140815_000001_add_format_to_transforms', '2016-04-19 23:48:18', '2016-04-19 23:48:18', '2016-04-19 23:48:18', 'ac530161-248c-40dc-b85f-dcca9ead77a9'),
 ('4', NULL, 'm140822_000001_allow_more_than_128_items_per_field', '2016-04-19 23:48:18', '2016-04-19 23:48:18', '2016-04-19 23:48:18', 'dbd48d7d-f58a-4672-a17b-ff6066092ea3'),
 ('5', NULL, 'm140829_000001_single_title_formats', '2016-04-19 23:48:18', '2016-04-19 23:48:18', '2016-04-19 23:48:18', 'f5e08886-13de-4274-ae60-470f51260a0c'),
 ('6', NULL, 'm140831_000001_extended_cache_keys', '2016-04-19 23:48:18', '2016-04-19 23:48:18', '2016-04-19 23:48:18', '717d5f88-3e5e-423e-b193-0d6b477b3663'),
 ('7', NULL, 'm140922_000001_delete_orphaned_matrix_blocks', '2016-04-19 23:48:18', '2016-04-19 23:48:18', '2016-04-19 23:48:18', '3a44996f-a01f-48c4-8381-2a0584ef924c'),
 ('8', NULL, 'm141008_000001_elements_index_tune', '2016-04-19 23:48:18', '2016-04-19 23:48:18', '2016-04-19 23:48:18', '17d6b814-1122-4af0-9449-9c400d7cc8a0'),
 ('9', NULL, 'm141009_000001_assets_source_handle', '2016-04-19 23:48:18', '2016-04-19 23:48:18', '2016-04-19 23:48:18', 'c9935b43-0735-4626-a84a-277b8561e913'),
 ('10', NULL, 'm141024_000001_field_layout_tabs', '2016-04-19 23:48:18', '2016-04-19 23:48:18', '2016-04-19 23:48:18', '52c814e0-8bc1-4fbd-a67e-3adc21d14c1f'),
 ('11', NULL, 'm141030_000000_plugin_schema_versions', '2016-04-19 23:48:18', '2016-04-19 23:48:18', '2016-04-19 23:48:18', 'c4a2700e-fcb9-4a52-9af6-aa116fea597a'),
 ('12', NULL, 'm141030_000001_drop_structure_move_permission', '2016-04-19 23:48:18', '2016-04-19 23:48:18', '2016-04-19 23:48:18', '87cd3ea3-79f8-401e-9719-e12f34f91b1d'),
 ('13', NULL, 'm141103_000001_tag_titles', '2016-04-19 23:48:18', '2016-04-19 23:48:18', '2016-04-19 23:48:18', '6efc98df-48e5-4d39-82e8-3dc252647abb'),
 ('14', NULL, 'm141109_000001_user_status_shuffle', '2016-04-19 23:48:18', '2016-04-19 23:48:18', '2016-04-19 23:48:18', 'fae339da-27a1-4cbe-93a0-25ec4c2c9d0a'),
 ('15', NULL, 'm141126_000001_user_week_start_day', '2016-04-19 23:48:18', '2016-04-19 23:48:18', '2016-04-19 23:48:18', 'b5d9ae88-a40c-4eaf-94bc-7c0967255532'),
 ('16', NULL, 'm150210_000001_adjust_user_photo_size', '2016-04-19 23:48:18', '2016-04-19 23:48:18', '2016-04-19 23:48:18', '8acb6ef0-b3e1-4c72-9f48-364aec19c3ad'),
 ('17', NULL, 'm150724_000001_adjust_quality_settings', '2016-04-19 23:48:18', '2016-04-19 23:48:18', '2016-04-19 23:48:18', '2ff18341-f8e2-447e-ad81-3f93db5e090d'),
 ('18', NULL, 'm150827_000000_element_index_settings', '2016-04-19 23:48:18', '2016-04-19 23:48:18', '2016-04-19 23:48:18', '5e53f91e-58eb-47a0-9f63-48dba6a488a6'),
 ('19', NULL, 'm150918_000001_add_colspan_to_widgets', '2016-04-19 23:48:18', '2016-04-19 23:48:18', '2016-04-19 23:48:18', 'a0b34c11-019e-41e1-9cd1-a9ac1658f91f'),
 ('20', NULL, 'm151007_000000_clear_asset_caches', '2016-04-19 23:48:18', '2016-04-19 23:48:18', '2016-04-19 23:48:18', '5a50ed1a-07c6-4bf9-bf95-d0612f3f1221'),
 ('21', NULL, 'm151109_000000_text_url_formats', '2016-04-19 23:48:18', '2016-04-19 23:48:18', '2016-04-19 23:48:18', '6e6dc647-2415-4460-b3db-c5f89ba5b80d'),
 ('22', NULL, 'm151110_000000_move_logo', '2016-04-19 23:48:18', '2016-04-19 23:48:18', '2016-04-19 23:48:18', '59499325-0d4a-4e2d-b3a2-189571527b7d'),
 ('23', NULL, 'm151117_000000_adjust_image_widthheight', '2016-04-19 23:48:18', '2016-04-19 23:48:18', '2016-04-19 23:48:18', '53933eac-957b-41e9-be3f-14ea16f4e49f'),
 ('24', NULL, 'm151127_000000_clear_license_key_status', '2016-04-19 23:48:18', '2016-04-19 23:48:18', '2016-04-19 23:48:18', 'b3754072-6736-4dd9-a559-949bd7d90a35'),
 ('25', NULL, 'm151127_000000_plugin_license_keys', '2016-04-19 23:48:18', '2016-04-19 23:48:18', '2016-04-19 23:48:18', 'a97cf3fe-52c1-4f4e-b97d-be52bf1bb601'),
 ('26', NULL, 'm151130_000000_update_pt_widget_feeds', '2016-04-19 23:48:18', '2016-04-19 23:48:18', '2016-04-19 23:48:18', 'c98037ca-22de-4788-a541-d434617ff0c6'),
 ('27', NULL, 'm160114_000000_asset_sources_public_url_default_true', '2016-04-19 23:48:18', '2016-04-19 23:48:18', '2016-04-19 23:48:18', 'b3d467b3-5e6e-41ca-8c08-e5e61060e3db'),
 ('28', NULL, 'm160223_000000_sortorder_to_smallint', '2016-04-19 23:48:18', '2016-04-19 23:48:18', '2016-04-19 23:48:18', '901aec73-6929-45ff-b36b-919754f00fcc'),
 ('29', NULL, 'm160229_000000_set_default_entry_statuses', '2016-04-19 23:48:18', '2016-04-19 23:48:18', '2016-04-19 23:48:18', 'fc24fca7-9743-472a-96ac-5096577b9030'),
 ('30', NULL, 'm160304_000000_client_permissions', '2016-04-19 23:48:18', '2016-04-19 23:48:18', '2016-04-19 23:48:18', '015b8c2b-91f2-4ef6-bfc6-5344ee3149db'),
 ('31', NULL, 'm160322_000000_asset_filesize', '2016-04-19 23:48:18', '2016-04-19 23:48:18', '2016-04-19 23:48:18', '8a3c6098-c85a-48a0-8ac6-998d106811ad');



DROP TABLE IF EXISTS `craft_plugins`;


--
-- Schema for table `craft_plugins`
--
CREATE TABLE `craft_plugins` (
  `id` int(11) NOT NULL AUTO_INCREMENT,
  `class` varchar(150) COLLATE utf8_unicode_ci NOT NULL,
  `version` varchar(15) COLLATE utf8_unicode_ci NOT NULL,
  `schemaVersion` varchar(15) COLLATE utf8_unicode_ci DEFAULT NULL,
  `licenseKey` char(24) COLLATE utf8_unicode_ci DEFAULT NULL,
  `licenseKeyStatus` enum('valid','invalid','mismatched','unknown') COLLATE utf8_unicode_ci NOT NULL DEFAULT 'unknown',
  `enabled` tinyint(1) unsigned NOT NULL DEFAULT '0',
  `settings` text COLLATE utf8_unicode_ci,
  `installDate` datetime NOT NULL,
  `dateCreated` datetime NOT NULL,
  `dateUpdated` datetime NOT NULL,
  `uid` char(36) COLLATE utf8_unicode_ci NOT NULL DEFAULT '0',
  PRIMARY KEY (`id`)
) ENGINE=InnoDB DEFAULT CHARSET=utf8 COLLATE=utf8_unicode_ci;

DROP TABLE IF EXISTS `craft_rackspaceaccess`;


--
-- Schema for table `craft_rackspaceaccess`
--
CREATE TABLE `craft_rackspaceaccess` (
  `id` int(11) NOT NULL AUTO_INCREMENT,
  `connectionKey` varchar(255) COLLATE utf8_unicode_ci NOT NULL,
  `token` varchar(255) COLLATE utf8_unicode_ci NOT NULL,
  `storageUrl` varchar(255) COLLATE utf8_unicode_ci NOT NULL,
  `cdnUrl` varchar(255) COLLATE utf8_unicode_ci NOT NULL,
  `dateCreated` datetime NOT NULL,
  `dateUpdated` datetime NOT NULL,
  `uid` char(36) COLLATE utf8_unicode_ci NOT NULL DEFAULT '0',
  PRIMARY KEY (`id`),
  UNIQUE KEY `craft_rackspaceaccess_connectionKey_unq_idx` (`connectionKey`)
) ENGINE=InnoDB DEFAULT CHARSET=utf8 COLLATE=utf8_unicode_ci;

DROP TABLE IF EXISTS `craft_relations`;


--
-- Schema for table `craft_relations`
--
CREATE TABLE `craft_relations` (
  `id` int(11) NOT NULL AUTO_INCREMENT,
  `fieldId` int(11) NOT NULL,
  `sourceId` int(11) NOT NULL,
  `sourceLocale` char(12) COLLATE utf8_unicode_ci DEFAULT NULL,
  `targetId` int(11) NOT NULL,
  `sortOrder` smallint(6) DEFAULT NULL,
  `dateCreated` datetime NOT NULL,
  `dateUpdated` datetime NOT NULL,
  `uid` char(36) COLLATE utf8_unicode_ci NOT NULL DEFAULT '0',
  PRIMARY KEY (`id`),
  UNIQUE KEY `craft_relations_fieldId_sourceId_sourceLocale_targetId_unq_idx` (`fieldId`,`sourceId`,`sourceLocale`,`targetId`),
  KEY `craft_relations_sourceId_fk` (`sourceId`),
  KEY `craft_relations_sourceLocale_fk` (`sourceLocale`),
  KEY `craft_relations_targetId_fk` (`targetId`)
) ENGINE=InnoDB AUTO_INCREMENT=61 DEFAULT CHARSET=utf8 COLLATE=utf8_unicode_ci;

--
-- Data for table `craft_relations`
--

INSERT INTO `craft_relations` (`id`, `fieldId`, `sourceId`, `sourceLocale`, `targetId`, `sortOrder`, `dateCreated`, `dateUpdated`, `uid`) VALUES
 ('26', '8', '29', NULL, '28', '1', '2016-04-20 01:44:48', '2016-04-20 01:44:48', '048005a1-9d66-439c-b920-37c8a01dc6d6'),
 ('27', '5', '29', NULL, '11', '1', '2016-04-20 01:44:48', '2016-04-20 01:44:48', '60a3b96a-bb90-4761-b06a-44cb5e8d4c86'),
 ('28', '6', '29', NULL, '4', '1', '2016-04-20 01:44:48', '2016-04-20 01:44:48', 'a26ace14-2acc-4358-9acb-9eabb056cad8'),
 ('29', '6', '29', NULL, '6', '2', '2016-04-20 01:44:48', '2016-04-20 01:44:48', '27e03268-fa38-4d66-8498-20c5802ee79e'),
 ('30', '8', '27', NULL, '25', '1', '2016-04-20 01:45:06', '2016-04-20 01:45:06', '999e7e1e-3bb6-484a-8312-a5d4fa1f5393'),
 ('31', '5', '27', NULL, '9', '1', '2016-04-20 01:45:06', '2016-04-20 01:45:06', '306d6cb8-5eb0-406f-98d5-1554620170ea'),
 ('32', '6', '27', NULL, '26', '1', '2016-04-20 01:45:06', '2016-04-20 01:45:06', '74a02e6d-3690-4cab-b4b4-97d8234b32ec'),
 ('42', '8', '22', NULL, '21', '1', '2016-04-20 01:45:21', '2016-04-20 01:45:21', '75062a82-7723-45c1-9160-ed1c38d5afc5'),
 ('43', '5', '22', NULL, '18', '1', '2016-04-20 01:45:21', '2016-04-20 01:45:21', 'b38d461a-9214-4936-8628-12c898220203'),
 ('48', '8', '24', NULL, '23', '1', '2016-04-20 01:46:14', '2016-04-20 01:46:14', 'f91120dc-a75f-49bf-a5e2-c36b87c5e023'),
 ('49', '5', '24', NULL, '17', '1', '2016-04-20 01:46:14', '2016-04-20 01:46:14', '63596ee4-0059-424a-aebf-4b06e11c8d00'),
 ('50', '6', '24', NULL, '4', '1', '2016-04-20 01:46:14', '2016-04-20 01:46:14', 'ae9ffd95-1d83-4b2c-8225-b41f94ec2d0c'),
 ('51', '6', '24', NULL, '6', '2', '2016-04-20 01:46:14', '2016-04-20 01:46:14', '8ce622d5-5421-4a88-9eca-abcfa91f1bd9'),
 ('52', '8', '20', NULL, '19', '1', '2016-04-20 01:46:25', '2016-04-20 01:46:25', '928dc1f6-ba8d-4ec0-a78a-64dfdae6cca3'),
 ('53', '5', '20', NULL, '8', '1', '2016-04-20 01:46:25', '2016-04-20 01:46:25', '05dd457a-4279-4dee-9510-2e05df13f382'),
 ('54', '6', '20', NULL, '4', '1', '2016-04-20 01:46:25', '2016-04-20 01:46:25', 'cb28dcf8-001a-445d-ba79-fd376e04b744'),
 ('55', '6', '20', NULL, '5', '2', '2016-04-20 01:46:25', '2016-04-20 01:46:25', '1f8822ef-7ad0-407f-b393-3f251ad2494f'),
 ('56', '6', '20', NULL, '6', '3', '2016-04-20 01:46:25', '2016-04-20 01:46:25', '3b44793b-f47c-4170-8b98-d83bc6e93fa7'),
 ('57', '8', '14', NULL, '15', '1', '2016-04-20 01:46:38', '2016-04-20 01:46:38', '5ccc1dd2-9d68-41d7-acbc-41fef983243c'),
 ('58', '5', '14', NULL, '11', '1', '2016-04-20 01:46:38', '2016-04-20 01:46:38', '999becd8-d65c-4e0c-b9cf-ef488eaf4d54'),
 ('59', '6', '14', NULL, '5', '1', '2016-04-20 01:46:38', '2016-04-20 01:46:38', 'c6c8932d-bc20-4754-9d79-598fa11cdaab'),
 ('60', '6', '14', NULL, '6', '2', '2016-04-20 01:46:38', '2016-04-20 01:46:38', 'afd48707-6a51-461e-847f-f6195986dbd1');



DROP TABLE IF EXISTS `craft_routes`;


--
-- Schema for table `craft_routes`
--
CREATE TABLE `craft_routes` (
  `id` int(11) NOT NULL AUTO_INCREMENT,
  `locale` char(12) COLLATE utf8_unicode_ci DEFAULT NULL,
  `urlParts` varchar(255) COLLATE utf8_unicode_ci NOT NULL,
  `urlPattern` varchar(255) COLLATE utf8_unicode_ci NOT NULL,
  `template` varchar(255) COLLATE utf8_unicode_ci NOT NULL,
  `sortOrder` smallint(6) unsigned DEFAULT NULL,
  `dateCreated` datetime NOT NULL,
  `dateUpdated` datetime NOT NULL,
  `uid` char(36) COLLATE utf8_unicode_ci NOT NULL DEFAULT '0',
  PRIMARY KEY (`id`),
  UNIQUE KEY `craft_routes_urlPattern_unq_idx` (`urlPattern`),
  KEY `craft_routes_locale_idx` (`locale`)
) ENGINE=InnoDB DEFAULT CHARSET=utf8 COLLATE=utf8_unicode_ci;

DROP TABLE IF EXISTS `craft_searchindex`;


--
-- Schema for table `craft_searchindex`
--
CREATE TABLE `craft_searchindex` (
  `elementId` int(11) NOT NULL,
  `attribute` varchar(25) COLLATE utf8_unicode_ci NOT NULL,
  `fieldId` int(11) NOT NULL,
  `locale` char(12) COLLATE utf8_unicode_ci NOT NULL,
  `keywords` text COLLATE utf8_unicode_ci NOT NULL,
  PRIMARY KEY (`elementId`,`attribute`,`fieldId`,`locale`),
  FULLTEXT KEY `craft_searchindex_keywords_idx` (`keywords`)
) ENGINE=MyISAM DEFAULT CHARSET=utf8 COLLATE=utf8_unicode_ci;

--
-- Data for table `craft_searchindex`
--

INSERT INTO `craft_searchindex` (`elementId`, `attribute`, `fieldId`, `locale`, `keywords`) VALUES
 ('1', 'username', '0', 'en_us', ' admin '),
 ('1', 'firstname', '0', 'en_us', ''),
 ('1', 'lastname', '0', 'en_us', ''),
 ('1', 'fullname', '0', 'en_us', ''),
 ('1', 'email', '0', 'en_us', ' you yoursite com '),
 ('1', 'slug', '0', 'en_us', ''),
 ('2', 'slug', '0', 'en_us', ' homepage '),
 ('2', 'title', '0', 'en_us', ' welcome to filter demo local '),
 ('2', 'field', '1', 'en_us', ' it s true this site doesn t have a whole lot of content yet but don t worry our web developers have just installed the cms and they re setting things up for the content editors this very moment soon filter demo local will be an oasis of fresh perspectives sharp analyses and astute opinions that will keep you coming back again and again '),
 ('4', 'slug', '0', 'en_us', ' bluetooth '),
 ('4', 'title', '0', 'en_us', ' bluetooth '),
 ('5', 'slug', '0', 'en_us', ' leather seats '),
 ('5', 'title', '0', 'en_us', ' leather seats '),
 ('6', 'slug', '0', 'en_us', ' navigation system '),
 ('6', 'title', '0', 'en_us', ' navigation system '),
 ('7', 'slug', '0', 'en_us', ' tow package '),
 ('7', 'title', '0', 'en_us', ' tow package '),
 ('8', 'slug', '0', 'en_us', ' black '),
 ('8', 'title', '0', 'en_us', ' black '),
 ('9', 'slug', '0', 'en_us', ' blue '),
 ('9', 'title', '0', 'en_us', ' blue '),
 ('10', 'slug', '0', 'en_us', ' brown '),
 ('10', 'title', '0', 'en_us', ' brown '),
 ('11', 'slug', '0', 'en_us', ' green '),
 ('11', 'title', '0', 'en_us', ' green '),
 ('12', 'slug', '0', 'en_us', ' orange '),
 ('12', 'title', '0', 'en_us', ' orange '),
 ('13', 'slug', '0', 'en_us', ' red '),
 ('13', 'title', '0', 'en_us', ' red '),
 ('14', 'field', '8', 'en_us', ' 2008 jeep wrangler pic 7646248515740635338 1024x768 '),
 ('14', 'field', '7', 'en_us', ' 2008 '),
 ('14', 'field', '3', 'en_us', ' 90080 '),
 ('14', 'field', '4', 'en_us', ' automatic '),
 ('14', 'field', '5', 'en_us', ' green '),
 ('14', 'field', '6', 'en_us', ' leather seats navigation system '),
 ('14', 'slug', '0', 'en_us', ' 2008 jeep wrangler sahara '),
 ('14', 'title', '0', 'en_us', ' 2008 jeep wrangler sahara '),
 ('15', 'filename', '0', 'en_us', ' 2008_jeep_wrangler pic 7646248515740635338 1024x768 jpeg '),
 ('15', 'extension', '0', 'en_us', ' jpeg '),
 ('15', 'kind', '0', 'en_us', ' image '),
 ('15', 'slug', '0', 'en_us', ''),
 ('15', 'title', '0', 'en_us', ' 2008 jeep wrangler pic 7646248515740635338 1024x768 '),
 ('16', 'slug', '0', 'en_us', ' silver '),
 ('16', 'title', '0', 'en_us', ' silver '),
 ('17', 'slug', '0', 'en_us', ' white '),
 ('17', 'title', '0', 'en_us', ' white '),
 ('18', 'slug', '0', 'en_us', ' yellow '),
 ('18', 'title', '0', 'en_us', ' yellow '),
 ('19', 'filename', '0', 'en_us', ' 2013_jeep_wrangler pic 1792666880785797455 1024x768 jpeg '),
 ('19', 'extension', '0', 'en_us', ' jpeg '),
 ('19', 'kind', '0', 'en_us', ' image '),
 ('19', 'slug', '0', 'en_us', ''),
 ('19', 'title', '0', 'en_us', ' 2013 jeep wrangler pic 1792666880785797455 1024x768 '),
 ('20', 'field', '8', 'en_us', ' 2013 jeep wrangler pic 1792666880785797455 1024x768 '),
 ('20', 'field', '7', 'en_us', ' 2013 '),
 ('20', 'field', '3', 'en_us', ' 48638 '),
 ('20', 'field', '4', 'en_us', ' automatic '),
 ('20', 'field', '5', 'en_us', ' black '),
 ('20', 'field', '6', 'en_us', ' bluetooth leather seats navigation system '),
 ('20', 'slug', '0', 'en_us', ' 2013 jeep wrangler rubicon '),
 ('20', 'title', '0', 'en_us', ' 2013 jeep wrangler rubicon '),
 ('21', 'filename', '0', 'en_us', ' 2015_jeep_wrangler pic 7722881041516912113 1024x768 jpeg '),
 ('21', 'extension', '0', 'en_us', ' jpeg '),
 ('21', 'kind', '0', 'en_us', ' image '),
 ('21', 'slug', '0', 'en_us', ''),
 ('21', 'title', '0', 'en_us', ' 2015 jeep wrangler pic 7722881041516912113 1024x768 '),
 ('22', 'field', '8', 'en_us', ' 2015 jeep wrangler pic 7722881041516912113 1024x768 '),
 ('22', 'field', '7', 'en_us', ' 2015 '),
 ('22', 'field', '3', 'en_us', ' 35560 '),
 ('22', 'field', '4', 'en_us', ' manual '),
 ('22', 'field', '5', 'en_us', ' yellow '),
 ('22', 'field', '6', 'en_us', ''),
 ('22', 'slug', '0', 'en_us', ' 2015 jeep wrangler willys wheeler edition '),
 ('22', 'title', '0', 'en_us', ' 2015 jeep wrangler willys wheeler edition '),
 ('23', 'filename', '0', 'en_us', ' 2014_jeep_wrangler pic 3968018468264780941 1024x768 jpeg '),
 ('23', 'extension', '0', 'en_us', ' jpeg '),
 ('23', 'kind', '0', 'en_us', ' image '),
 ('23', 'slug', '0', 'en_us', ''),
 ('23', 'title', '0', 'en_us', ' 2014 jeep wrangler pic 3968018468264780941 1024x768 '),
 ('24', 'field', '8', 'en_us', ' 2014 jeep wrangler pic 3968018468264780941 1024x768 '),
 ('24', 'field', '7', 'en_us', ' 2014 '),
 ('24', 'field', '3', 'en_us', ' 12089 '),
 ('24', 'field', '4', 'en_us', ' automatic '),
 ('24', 'field', '5', 'en_us', ' white '),
 ('24', 'field', '6', 'en_us', ' bluetooth navigation system '),
 ('24', 'slug', '0', 'en_us', ' 2014 jeep wrangler rubicon '),
 ('24', 'title', '0', 'en_us', ' 2014 jeep wrangler rubicon '),
 ('25', 'filename', '0', 'en_us', ' 2013_jeep_wrangler pic 4749009949938766094 1024x768 jpeg '),
 ('25', 'extension', '0', 'en_us', ' jpeg '),
 ('25', 'kind', '0', 'en_us', ' image '),
 ('25', 'slug', '0', 'en_us', ''),
 ('25', 'title', '0', 'en_us', ' 2013 jeep wrangler pic 4749009949938766094 1024x768 '),
 ('26', 'slug', '0', 'en_us', ''),
 ('26', 'title', '0', 'en_us', ' sunroof moonroof '),
 ('27', 'field', '8', 'en_us', ' 2013 jeep wrangler pic 4749009949938766094 1024x768 '),
 ('27', 'field', '7', 'en_us', ' 2013 '),
 ('27', 'field', '3', 'en_us', ' 62815 '),
 ('27', 'field', '4', 'en_us', ' manual '),
 ('27', 'field', '5', 'en_us', ' blue '),
 ('27', 'field', '6', 'en_us', ' sunroof moonroof ');
INSERT INTO `craft_searchindex` (`elementId`, `attribute`, `fieldId`, `locale`, `keywords`) VALUES
 ('27', 'slug', '0', 'en_us', ' 2013 jeep wrangler sport '),
 ('27', 'title', '0', 'en_us', ' 2013 jeep wrangler sport '),
 ('28', 'filename', '0', 'en_us', ' 2016_jeep_wrangler pic 6806050375982797320 1024x768 jpeg '),
 ('28', 'extension', '0', 'en_us', ' jpeg '),
 ('28', 'kind', '0', 'en_us', ' image '),
 ('28', 'slug', '0', 'en_us', ''),
 ('28', 'title', '0', 'en_us', ' 2016 jeep wrangler pic 6806050375982797320 1024x768 '),
 ('29', 'field', '8', 'en_us', ' 2016 jeep wrangler pic 6806050375982797320 1024x768 '),
 ('29', 'field', '7', 'en_us', ' 2016 '),
 ('29', 'field', '3', 'en_us', ' 30 '),
 ('29', 'field', '4', 'en_us', ' manual '),
 ('29', 'field', '5', 'en_us', ' green '),
 ('29', 'field', '6', 'en_us', ' bluetooth navigation system '),
 ('29', 'slug', '0', 'en_us', ' 2016 jeep wrangler sport '),
 ('29', 'title', '0', 'en_us', ' 2016 jeep wrangler sport ');



DROP TABLE IF EXISTS `craft_sections`;


--
-- Schema for table `craft_sections`
--
CREATE TABLE `craft_sections` (
  `id` int(11) NOT NULL AUTO_INCREMENT,
  `structureId` int(11) DEFAULT NULL,
  `name` varchar(255) COLLATE utf8_unicode_ci NOT NULL,
  `handle` varchar(255) COLLATE utf8_unicode_ci NOT NULL,
  `type` enum('single','channel','structure') COLLATE utf8_unicode_ci NOT NULL DEFAULT 'channel',
  `hasUrls` tinyint(1) unsigned NOT NULL DEFAULT '1',
  `template` varchar(500) COLLATE utf8_unicode_ci DEFAULT NULL,
  `enableVersioning` tinyint(1) unsigned NOT NULL DEFAULT '0',
  `dateCreated` datetime NOT NULL,
  `dateUpdated` datetime NOT NULL,
  `uid` char(36) COLLATE utf8_unicode_ci NOT NULL DEFAULT '0',
  PRIMARY KEY (`id`),
  UNIQUE KEY `craft_sections_name_unq_idx` (`name`),
  UNIQUE KEY `craft_sections_handle_unq_idx` (`handle`),
  KEY `craft_sections_structureId_fk` (`structureId`)
) ENGINE=InnoDB AUTO_INCREMENT=4 DEFAULT CHARSET=utf8 COLLATE=utf8_unicode_ci;

--
-- Data for table `craft_sections`
--

INSERT INTO `craft_sections` (`id`, `structureId`, `name`, `handle`, `type`, `hasUrls`, `template`, `enableVersioning`, `dateCreated`, `dateUpdated`, `uid`) VALUES
 ('1', NULL, 'Homepage', 'homepage', 'single', '1', 'index', '1', '2016-04-19 23:48:23', '2016-04-19 23:48:23', 'a438271f-9054-4005-a273-b216a470bd37'),
 ('3', NULL, 'Jeeps', 'jeeps', 'channel', '1', 'jeeps/_entry', '1', '2016-04-19 23:49:09', '2016-04-19 23:49:09', '68458bd7-b064-4f85-99e5-c385736b86de');



DROP TABLE IF EXISTS `craft_sections_i18n`;


--
-- Schema for table `craft_sections_i18n`
--
CREATE TABLE `craft_sections_i18n` (
  `id` int(11) NOT NULL AUTO_INCREMENT,
  `sectionId` int(11) NOT NULL,
  `locale` char(12) COLLATE utf8_unicode_ci NOT NULL,
  `enabledByDefault` tinyint(1) unsigned NOT NULL DEFAULT '1',
  `urlFormat` text COLLATE utf8_unicode_ci,
  `nestedUrlFormat` text COLLATE utf8_unicode_ci,
  `dateCreated` datetime NOT NULL,
  `dateUpdated` datetime NOT NULL,
  `uid` char(36) COLLATE utf8_unicode_ci NOT NULL DEFAULT '0',
  PRIMARY KEY (`id`),
  UNIQUE KEY `craft_sections_i18n_sectionId_locale_unq_idx` (`sectionId`,`locale`),
  KEY `craft_sections_i18n_locale_fk` (`locale`)
) ENGINE=InnoDB AUTO_INCREMENT=4 DEFAULT CHARSET=utf8 COLLATE=utf8_unicode_ci;

--
-- Data for table `craft_sections_i18n`
--

INSERT INTO `craft_sections_i18n` (`id`, `sectionId`, `locale`, `enabledByDefault`, `urlFormat`, `nestedUrlFormat`, `dateCreated`, `dateUpdated`, `uid`) VALUES
 ('1', '1', 'en_us', '1', '__home__', NULL, '2016-04-19 23:48:23', '2016-04-19 23:48:23', '86c9adb3-44e8-4b43-8c2a-87931326940c'),
 ('3', '3', 'en_us', '1', 'jeeps/{slug}', NULL, '2016-04-19 23:49:09', '2016-04-19 23:49:09', '64e6644d-5219-4129-81e7-3404ffa58cac');



DROP TABLE IF EXISTS `craft_sessions`;


--
-- Schema for table `craft_sessions`
--
CREATE TABLE `craft_sessions` (
  `id` int(11) NOT NULL AUTO_INCREMENT,
  `userId` int(11) NOT NULL,
  `token` char(100) COLLATE utf8_unicode_ci NOT NULL,
  `dateCreated` datetime NOT NULL,
  `dateUpdated` datetime NOT NULL,
  `uid` char(36) COLLATE utf8_unicode_ci NOT NULL DEFAULT '0',
  PRIMARY KEY (`id`),
  KEY `craft_sessions_uid_idx` (`uid`),
  KEY `craft_sessions_token_idx` (`token`),
  KEY `craft_sessions_dateUpdated_idx` (`dateUpdated`),
  KEY `craft_sessions_userId_fk` (`userId`)
) ENGINE=InnoDB AUTO_INCREMENT=5 DEFAULT CHARSET=utf8 COLLATE=utf8_unicode_ci;

DROP TABLE IF EXISTS `craft_shunnedmessages`;


--
-- Schema for table `craft_shunnedmessages`
--
CREATE TABLE `craft_shunnedmessages` (
  `id` int(11) NOT NULL AUTO_INCREMENT,
  `userId` int(11) NOT NULL,
  `message` varchar(255) COLLATE utf8_unicode_ci NOT NULL,
  `expiryDate` datetime DEFAULT NULL,
  `dateCreated` datetime NOT NULL,
  `dateUpdated` datetime NOT NULL,
  `uid` char(36) COLLATE utf8_unicode_ci NOT NULL DEFAULT '0',
  PRIMARY KEY (`id`),
  UNIQUE KEY `craft_shunnedmessages_userId_message_unq_idx` (`userId`,`message`)
) ENGINE=InnoDB DEFAULT CHARSET=utf8 COLLATE=utf8_unicode_ci;

DROP TABLE IF EXISTS `craft_structureelements`;


--
-- Schema for table `craft_structureelements`
--
CREATE TABLE `craft_structureelements` (
  `id` int(11) NOT NULL AUTO_INCREMENT,
  `structureId` int(11) NOT NULL,
  `elementId` int(11) DEFAULT NULL,
  `root` int(11) unsigned DEFAULT NULL,
  `lft` int(11) unsigned NOT NULL,
  `rgt` int(11) unsigned NOT NULL,
  `level` smallint(6) unsigned NOT NULL,
  `dateCreated` datetime NOT NULL,
  `dateUpdated` datetime NOT NULL,
  `uid` char(36) COLLATE utf8_unicode_ci NOT NULL DEFAULT '0',
  PRIMARY KEY (`id`),
  UNIQUE KEY `craft_structureelements_structureId_elementId_unq_idx` (`structureId`,`elementId`),
  KEY `craft_structureelements_root_idx` (`root`),
  KEY `craft_structureelements_lft_idx` (`lft`),
  KEY `craft_structureelements_rgt_idx` (`rgt`),
  KEY `craft_structureelements_level_idx` (`level`),
  KEY `craft_structureelements_elementId_fk` (`elementId`)
) ENGINE=InnoDB AUTO_INCREMENT=17 DEFAULT CHARSET=utf8 COLLATE=utf8_unicode_ci;

--
-- Data for table `craft_structureelements`
--

INSERT INTO `craft_structureelements` (`id`, `structureId`, `elementId`, `root`, `lft`, `rgt`, `level`, `dateCreated`, `dateUpdated`, `uid`) VALUES
 ('1', '1', NULL, '1', '1', '12', '0', '2016-04-19 23:50:24', '2016-04-19 23:50:24', '84014621-da14-4d7d-80d4-af44086b7120'),
 ('2', '1', '4', '1', '2', '3', '1', '2016-04-19 23:50:24', '2016-04-19 23:50:24', '39ac6bf0-09fc-4de0-890f-675c740aac61'),
 ('3', '1', '5', '1', '4', '5', '1', '2016-04-19 23:50:32', '2016-04-19 23:50:32', '3759236b-3d37-4931-88d0-4686b83cdd9a'),
 ('4', '1', '6', '1', '6', '7', '1', '2016-04-19 23:50:40', '2016-04-19 23:50:40', '539589b4-d913-431f-bc65-d54fba138da5'),
 ('5', '1', '7', '1', '8', '9', '1', '2016-04-19 23:51:07', '2016-04-19 23:51:07', '6ce9623d-7214-4dd6-8084-a8f55b1e8733'),
 ('6', '2', NULL, '6', '1', '20', '0', '2016-04-19 23:59:28', '2016-04-19 23:59:28', '02aa4863-1ded-44b9-9f55-955b8cf5d8df'),
 ('7', '2', '8', '6', '2', '3', '1', '2016-04-19 23:59:28', '2016-04-19 23:59:28', 'fe13675c-df28-4fdd-b46c-582c681b8f3e'),
 ('8', '2', '9', '6', '4', '5', '1', '2016-04-19 23:59:34', '2016-04-19 23:59:34', 'd031c821-0f0d-4d66-9bd0-31f358b9032e'),
 ('9', '2', '10', '6', '6', '7', '1', '2016-04-19 23:59:40', '2016-04-19 23:59:40', '2929595f-dfad-4e94-904e-731d81149449'),
 ('10', '2', '11', '6', '8', '9', '1', '2016-04-19 23:59:45', '2016-04-19 23:59:45', '04b540da-85a6-426d-b417-79df42fb596c'),
 ('11', '2', '12', '6', '10', '11', '1', '2016-04-19 23:59:50', '2016-04-19 23:59:50', '9d0b3400-1982-4f37-a15b-d7d90379b8bd'),
 ('12', '2', '13', '6', '12', '13', '1', '2016-04-19 23:59:57', '2016-04-19 23:59:57', '40b878a9-c6fd-4644-9695-39324a6161ac'),
 ('13', '2', '16', '6', '14', '15', '1', '2016-04-20 00:22:27', '2016-04-20 00:22:27', '2f2418c3-4f83-49f7-937e-684399db832f'),
 ('14', '2', '17', '6', '16', '17', '1', '2016-04-20 00:22:32', '2016-04-20 00:22:32', '9265cd2c-6b97-460f-9792-0f11d56ecca6'),
 ('15', '2', '18', '6', '18', '19', '1', '2016-04-20 00:22:36', '2016-04-20 00:22:36', 'e20bc341-aaa3-42eb-88b7-b922714f23d9'),
 ('16', '1', '26', '1', '10', '11', '1', '2016-04-20 00:31:24', '2016-04-20 00:31:24', '350c10aa-53e2-45ab-86df-281881a57eb8');



DROP TABLE IF EXISTS `craft_structures`;


--
-- Schema for table `craft_structures`
--
CREATE TABLE `craft_structures` (
  `id` int(11) NOT NULL AUTO_INCREMENT,
  `maxLevels` smallint(6) unsigned DEFAULT NULL,
  `dateCreated` datetime NOT NULL,
  `dateUpdated` datetime NOT NULL,
  `uid` char(36) COLLATE utf8_unicode_ci NOT NULL DEFAULT '0',
  PRIMARY KEY (`id`)
) ENGINE=InnoDB AUTO_INCREMENT=3 DEFAULT CHARSET=utf8 COLLATE=utf8_unicode_ci;

--
-- Data for table `craft_structures`
--

INSERT INTO `craft_structures` (`id`, `maxLevels`, `dateCreated`, `dateUpdated`, `uid`) VALUES
 ('1', '1', '2016-04-19 23:49:57', '2016-04-19 23:49:57', '0aeed925-e90c-4d42-bab1-3e75b3979ed0'),
 ('2', '1', '2016-04-19 23:58:45', '2016-04-19 23:58:45', '02bed9cf-21ad-4c59-b8e8-e029dd664712');



DROP TABLE IF EXISTS `craft_systemsettings`;


--
-- Schema for table `craft_systemsettings`
--
CREATE TABLE `craft_systemsettings` (
  `id` int(11) NOT NULL AUTO_INCREMENT,
  `category` varchar(15) COLLATE utf8_unicode_ci NOT NULL,
  `settings` text COLLATE utf8_unicode_ci,
  `dateCreated` datetime NOT NULL,
  `dateUpdated` datetime NOT NULL,
  `uid` char(36) COLLATE utf8_unicode_ci NOT NULL DEFAULT '0',
  PRIMARY KEY (`id`),
  UNIQUE KEY `craft_systemsettings_category_unq_idx` (`category`)
) ENGINE=InnoDB AUTO_INCREMENT=2 DEFAULT CHARSET=utf8 COLLATE=utf8_unicode_ci;

--
-- Data for table `craft_systemsettings`
--

INSERT INTO `craft_systemsettings` (`id`, `category`, `settings`, `dateCreated`, `dateUpdated`, `uid`) VALUES
 ('1', 'email', '{\"protocol\":\"php\",\"emailAddress\":\"sam@vectormediagroup.com\",\"senderName\":\"Filter Demo\"}', '2016-04-19 23:48:23', '2016-04-19 23:48:23', '960d01be-b11f-4aa1-87dc-156a7115d622');



DROP TABLE IF EXISTS `craft_taggroups`;


--
-- Schema for table `craft_taggroups`
--
CREATE TABLE `craft_taggroups` (
  `id` int(11) NOT NULL AUTO_INCREMENT,
  `name` varchar(255) COLLATE utf8_unicode_ci NOT NULL,
  `handle` varchar(255) COLLATE utf8_unicode_ci NOT NULL,
  `fieldLayoutId` int(10) DEFAULT NULL,
  `dateCreated` datetime NOT NULL,
  `dateUpdated` datetime NOT NULL,
  `uid` char(36) COLLATE utf8_unicode_ci NOT NULL DEFAULT '0',
  PRIMARY KEY (`id`),
  UNIQUE KEY `craft_taggroups_name_unq_idx` (`name`),
  UNIQUE KEY `craft_taggroups_handle_unq_idx` (`handle`),
  KEY `craft_taggroups_fieldLayoutId_fk` (`fieldLayoutId`)
) ENGINE=InnoDB AUTO_INCREMENT=2 DEFAULT CHARSET=utf8 COLLATE=utf8_unicode_ci;

--
-- Data for table `craft_taggroups`
--

INSERT INTO `craft_taggroups` (`id`, `name`, `handle`, `fieldLayoutId`, `dateCreated`, `dateUpdated`, `uid`) VALUES
 ('1', 'Default', 'default', '1', '2016-04-19 23:48:23', '2016-04-19 23:48:23', '9cbda220-d0d1-47ca-abcb-fa4828b2a96c');



DROP TABLE IF EXISTS `craft_tags`;


--
-- Schema for table `craft_tags`
--
CREATE TABLE `craft_tags` (
  `id` int(11) NOT NULL,
  `groupId` int(11) NOT NULL,
  `dateCreated` datetime NOT NULL,
  `dateUpdated` datetime NOT NULL,
  `uid` char(36) COLLATE utf8_unicode_ci NOT NULL DEFAULT '0',
  PRIMARY KEY (`id`),
  KEY `craft_tags_groupId_fk` (`groupId`)
) ENGINE=InnoDB DEFAULT CHARSET=utf8 COLLATE=utf8_unicode_ci;

DROP TABLE IF EXISTS `craft_tasks`;


--
-- Schema for table `craft_tasks`
--
CREATE TABLE `craft_tasks` (
  `id` int(11) NOT NULL AUTO_INCREMENT,
  `root` int(11) unsigned DEFAULT NULL,
  `lft` int(11) unsigned NOT NULL,
  `rgt` int(11) unsigned NOT NULL,
  `level` smallint(6) unsigned NOT NULL,
  `currentStep` int(11) unsigned DEFAULT NULL,
  `totalSteps` int(11) unsigned DEFAULT NULL,
  `status` enum('pending','error','running') COLLATE utf8_unicode_ci DEFAULT NULL,
  `type` varchar(150) COLLATE utf8_unicode_ci NOT NULL,
  `description` varchar(255) COLLATE utf8_unicode_ci DEFAULT NULL,
  `settings` text COLLATE utf8_unicode_ci,
  `dateCreated` datetime NOT NULL,
  `dateUpdated` datetime NOT NULL,
  `uid` char(36) COLLATE utf8_unicode_ci NOT NULL DEFAULT '0',
  PRIMARY KEY (`id`),
  KEY `craft_tasks_root_idx` (`root`),
  KEY `craft_tasks_lft_idx` (`lft`),
  KEY `craft_tasks_rgt_idx` (`rgt`),
  KEY `craft_tasks_level_idx` (`level`)
) ENGINE=InnoDB AUTO_INCREMENT=2 DEFAULT CHARSET=utf8 COLLATE=utf8_unicode_ci;

DROP TABLE IF EXISTS `craft_templatecachecriteria`;


--
-- Schema for table `craft_templatecachecriteria`
--
CREATE TABLE `craft_templatecachecriteria` (
  `id` int(11) NOT NULL AUTO_INCREMENT,
  `cacheId` int(11) NOT NULL,
  `type` varchar(150) COLLATE utf8_unicode_ci NOT NULL,
  `criteria` text COLLATE utf8_unicode_ci NOT NULL,
  PRIMARY KEY (`id`),
  KEY `craft_templatecachecriteria_cacheId_fk` (`cacheId`),
  KEY `craft_templatecachecriteria_type_idx` (`type`)
) ENGINE=InnoDB DEFAULT CHARSET=utf8 COLLATE=utf8_unicode_ci;

DROP TABLE IF EXISTS `craft_templatecacheelements`;


--
-- Schema for table `craft_templatecacheelements`
--
CREATE TABLE `craft_templatecacheelements` (
  `cacheId` int(11) NOT NULL,
  `elementId` int(11) NOT NULL,
  KEY `craft_templatecacheelements_cacheId_fk` (`cacheId`),
  KEY `craft_templatecacheelements_elementId_fk` (`elementId`)
) ENGINE=InnoDB DEFAULT CHARSET=utf8 COLLATE=utf8_unicode_ci;

DROP TABLE IF EXISTS `craft_templatecaches`;


--
-- Schema for table `craft_templatecaches`
--
CREATE TABLE `craft_templatecaches` (
  `id` int(11) NOT NULL AUTO_INCREMENT,
  `cacheKey` varchar(255) COLLATE utf8_unicode_ci NOT NULL,
  `locale` char(12) COLLATE utf8_unicode_ci NOT NULL,
  `path` varchar(255) COLLATE utf8_unicode_ci DEFAULT NULL,
  `expiryDate` datetime NOT NULL,
  `body` mediumtext COLLATE utf8_unicode_ci NOT NULL,
  PRIMARY KEY (`id`),
  KEY `craft_templatecaches_expiryDate_cacheKey_locale_path_idx` (`expiryDate`,`cacheKey`,`locale`,`path`),
  KEY `craft_templatecaches_locale_fk` (`locale`)
) ENGINE=InnoDB DEFAULT CHARSET=utf8 COLLATE=utf8_unicode_ci;

DROP TABLE IF EXISTS `craft_tokens`;


--
-- Schema for table `craft_tokens`
--
CREATE TABLE `craft_tokens` (
  `id` int(11) NOT NULL AUTO_INCREMENT,
  `token` char(32) COLLATE utf8_unicode_ci NOT NULL,
  `route` text COLLATE utf8_unicode_ci,
  `usageLimit` tinyint(3) unsigned DEFAULT NULL,
  `usageCount` tinyint(3) unsigned DEFAULT NULL,
  `expiryDate` datetime NOT NULL,
  `dateCreated` datetime NOT NULL,
  `dateUpdated` datetime NOT NULL,
  `uid` char(36) COLLATE utf8_unicode_ci NOT NULL DEFAULT '0',
  PRIMARY KEY (`id`),
  UNIQUE KEY `craft_tokens_token_unq_idx` (`token`),
  KEY `craft_tokens_expiryDate_idx` (`expiryDate`)
) ENGINE=InnoDB DEFAULT CHARSET=utf8 COLLATE=utf8_unicode_ci;

DROP TABLE IF EXISTS `craft_usergroups`;


--
-- Schema for table `craft_usergroups`
--
CREATE TABLE `craft_usergroups` (
  `id` int(11) NOT NULL AUTO_INCREMENT,
  `name` varchar(255) COLLATE utf8_unicode_ci NOT NULL,
  `handle` varchar(255) COLLATE utf8_unicode_ci NOT NULL,
  `dateCreated` datetime NOT NULL,
  `dateUpdated` datetime NOT NULL,
  `uid` char(36) COLLATE utf8_unicode_ci NOT NULL DEFAULT '0',
  PRIMARY KEY (`id`)
) ENGINE=InnoDB DEFAULT CHARSET=utf8 COLLATE=utf8_unicode_ci;

DROP TABLE IF EXISTS `craft_usergroups_users`;


--
-- Schema for table `craft_usergroups_users`
--
CREATE TABLE `craft_usergroups_users` (
  `id` int(11) NOT NULL AUTO_INCREMENT,
  `groupId` int(11) NOT NULL,
  `userId` int(11) NOT NULL,
  `dateCreated` datetime NOT NULL,
  `dateUpdated` datetime NOT NULL,
  `uid` char(36) COLLATE utf8_unicode_ci NOT NULL DEFAULT '0',
  PRIMARY KEY (`id`),
  UNIQUE KEY `craft_usergroups_users_groupId_userId_unq_idx` (`groupId`,`userId`),
  KEY `craft_usergroups_users_userId_fk` (`userId`)
) ENGINE=InnoDB DEFAULT CHARSET=utf8 COLLATE=utf8_unicode_ci;

DROP TABLE IF EXISTS `craft_userpermissions`;


--
-- Schema for table `craft_userpermissions`
--
CREATE TABLE `craft_userpermissions` (
  `id` int(11) NOT NULL AUTO_INCREMENT,
  `name` varchar(255) COLLATE utf8_unicode_ci NOT NULL,
  `dateCreated` datetime NOT NULL,
  `dateUpdated` datetime NOT NULL,
  `uid` char(36) COLLATE utf8_unicode_ci NOT NULL DEFAULT '0',
  PRIMARY KEY (`id`),
  UNIQUE KEY `craft_userpermissions_name_unq_idx` (`name`)
) ENGINE=InnoDB DEFAULT CHARSET=utf8 COLLATE=utf8_unicode_ci;

DROP TABLE IF EXISTS `craft_userpermissions_usergroups`;


--
-- Schema for table `craft_userpermissions_usergroups`
--
CREATE TABLE `craft_userpermissions_usergroups` (
  `id` int(11) NOT NULL AUTO_INCREMENT,
  `permissionId` int(11) NOT NULL,
  `groupId` int(11) NOT NULL,
  `dateCreated` datetime NOT NULL,
  `dateUpdated` datetime NOT NULL,
  `uid` char(36) COLLATE utf8_unicode_ci NOT NULL DEFAULT '0',
  PRIMARY KEY (`id`),
  UNIQUE KEY `craft_userpermissions_usergroups_permissionId_groupId_unq_idx` (`permissionId`,`groupId`),
  KEY `craft_userpermissions_usergroups_groupId_fk` (`groupId`)
) ENGINE=InnoDB DEFAULT CHARSET=utf8 COLLATE=utf8_unicode_ci;

DROP TABLE IF EXISTS `craft_userpermissions_users`;


--
-- Schema for table `craft_userpermissions_users`
--
CREATE TABLE `craft_userpermissions_users` (
  `id` int(11) NOT NULL AUTO_INCREMENT,
  `permissionId` int(11) NOT NULL,
  `userId` int(11) NOT NULL,
  `dateCreated` datetime NOT NULL,
  `dateUpdated` datetime NOT NULL,
  `uid` char(36) COLLATE utf8_unicode_ci NOT NULL DEFAULT '0',
  PRIMARY KEY (`id`),
  UNIQUE KEY `craft_userpermissions_users_permissionId_userId_unq_idx` (`permissionId`,`userId`),
  KEY `craft_userpermissions_users_userId_fk` (`userId`)
) ENGINE=InnoDB DEFAULT CHARSET=utf8 COLLATE=utf8_unicode_ci;

DROP TABLE IF EXISTS `craft_users`;


--
-- Schema for table `craft_users`
--
CREATE TABLE `craft_users` (
  `id` int(11) NOT NULL,
  `username` varchar(100) COLLATE utf8_unicode_ci NOT NULL,
  `photo` varchar(100) COLLATE utf8_unicode_ci DEFAULT NULL,
  `firstName` varchar(100) COLLATE utf8_unicode_ci DEFAULT NULL,
  `lastName` varchar(100) COLLATE utf8_unicode_ci DEFAULT NULL,
  `email` varchar(255) COLLATE utf8_unicode_ci NOT NULL,
  `password` char(255) COLLATE utf8_unicode_ci DEFAULT NULL,
  `preferredLocale` char(12) COLLATE utf8_unicode_ci DEFAULT NULL,
  `weekStartDay` tinyint(1) unsigned NOT NULL DEFAULT '0',
  `admin` tinyint(1) unsigned NOT NULL DEFAULT '0',
  `client` tinyint(1) unsigned NOT NULL DEFAULT '0',
  `locked` tinyint(1) unsigned NOT NULL DEFAULT '0',
  `suspended` tinyint(1) unsigned NOT NULL DEFAULT '0',
  `pending` tinyint(1) unsigned NOT NULL DEFAULT '0',
  `archived` tinyint(1) unsigned NOT NULL DEFAULT '0',
  `lastLoginDate` datetime DEFAULT NULL,
  `lastLoginAttemptIPAddress` varchar(45) COLLATE utf8_unicode_ci DEFAULT NULL,
  `invalidLoginWindowStart` datetime DEFAULT NULL,
  `invalidLoginCount` tinyint(4) unsigned DEFAULT NULL,
  `lastInvalidLoginDate` datetime DEFAULT NULL,
  `lockoutDate` datetime DEFAULT NULL,
  `verificationCode` char(100) COLLATE utf8_unicode_ci DEFAULT NULL,
  `verificationCodeIssuedDate` datetime DEFAULT NULL,
  `unverifiedEmail` varchar(255) COLLATE utf8_unicode_ci DEFAULT NULL,
  `passwordResetRequired` tinyint(1) unsigned NOT NULL DEFAULT '0',
  `lastPasswordChangeDate` datetime DEFAULT NULL,
  `dateCreated` datetime NOT NULL,
  `dateUpdated` datetime NOT NULL,
  `uid` char(36) COLLATE utf8_unicode_ci NOT NULL DEFAULT '0',
  PRIMARY KEY (`id`),
  UNIQUE KEY `craft_users_username_unq_idx` (`username`),
  UNIQUE KEY `craft_users_email_unq_idx` (`email`),
  KEY `craft_users_verificationCode_idx` (`verificationCode`),
  KEY `craft_users_uid_idx` (`uid`),
  KEY `craft_users_preferredLocale_fk` (`preferredLocale`)
) ENGINE=InnoDB DEFAULT CHARSET=utf8 COLLATE=utf8_unicode_ci;

--
-- Data for table `craft_users`
--

INSERT INTO `craft_users` (`id`, `username`, `photo`, `firstName`, `lastName`, `email`, `password`, `preferredLocale`, `weekStartDay`, `admin`, `client`, `locked`, `suspended`, `pending`, `archived`, `lastLoginDate`, `lastLoginAttemptIPAddress`, `invalidLoginWindowStart`, `invalidLoginCount`, `lastInvalidLoginDate`, `lockoutDate`, `verificationCode`, `verificationCodeIssuedDate`, `unverifiedEmail`, `passwordResetRequired`, `lastPasswordChangeDate`, `dateCreated`, `dateUpdated`, `uid`) VALUES
 ('1', 'admin', NULL, '', '', 'you@yoursite.com', '$2y$13$5lE5YEzmMANGm4NH.6uA6uvvNLHGGhfK.nGaVGoYuxaA6N7Dtrtku', NULL, '0', '1', '0', '0', '0', '0', '0', '2016-04-22 17:53:22', '::1', NULL, NULL, '2016-04-20 22:17:08', NULL, NULL, NULL, NULL, '0', '2016-04-22 17:55:04', '2016-04-19 23:48:20', '2016-04-22 17:55:04', '8fcce18c-0983-4344-948d-8b5270d5a6e6');



DROP TABLE IF EXISTS `craft_widgets`;


--
-- Schema for table `craft_widgets`
--
CREATE TABLE `craft_widgets` (
  `id` int(11) NOT NULL AUTO_INCREMENT,
  `userId` int(11) NOT NULL,
  `type` varchar(150) COLLATE utf8_unicode_ci NOT NULL,
  `sortOrder` smallint(6) unsigned DEFAULT NULL,
  `colspan` tinyint(4) unsigned DEFAULT NULL,
  `settings` text COLLATE utf8_unicode_ci,
  `enabled` tinyint(1) unsigned NOT NULL DEFAULT '1',
  `dateCreated` datetime NOT NULL,
  `dateUpdated` datetime NOT NULL,
  `uid` char(36) COLLATE utf8_unicode_ci NOT NULL DEFAULT '0',
  PRIMARY KEY (`id`),
  KEY `craft_widgets_userId_fk` (`userId`)
) ENGINE=InnoDB AUTO_INCREMENT=5 DEFAULT CHARSET=utf8 COLLATE=utf8_unicode_ci;

--
-- Data for table `craft_widgets`
--

INSERT INTO `craft_widgets` (`id`, `userId`, `type`, `sortOrder`, `colspan`, `settings`, `enabled`, `dateCreated`, `dateUpdated`, `uid`) VALUES
 ('1', '1', 'RecentEntries', '1', NULL, NULL, '1', '2016-04-19 23:48:27', '2016-04-19 23:48:27', 'ff3340fc-7d0b-4bec-9f7a-d487e2601488'),
 ('2', '1', 'GetHelp', '2', NULL, NULL, '1', '2016-04-19 23:48:27', '2016-04-19 23:48:27', '79ac2a7e-008c-485f-b8c6-a9cf215ea9ad'),
 ('3', '1', 'Updates', '3', NULL, NULL, '1', '2016-04-19 23:48:27', '2016-04-19 23:48:27', '8bd00662-1bdb-4033-a5e1-d56eeb6ce44c'),
 ('4', '1', 'Feed', '4', NULL, '{\"url\":\"https:\\/\\/craftcms.com\\/news.rss\",\"title\":\"Craft News\"}', '1', '2016-04-19 23:48:27', '2016-04-19 23:48:27', '636dc678-4d5f-49a9-a5ba-9016d6b55e49');


--
-- Constraints for tables
--


--
-- Constraints for table `craft_assetfiles`
--
ALTER TABLE `craft_assetfiles`
	ADD CONSTRAINT `craft_assetfiles_folderId_fk` FOREIGN KEY (`folderId`) REFERENCES `craft_assetfolders` (`id`) ON DELETE CASCADE,
	ADD CONSTRAINT `craft_assetfiles_id_fk` FOREIGN KEY (`id`) REFERENCES `craft_elements` (`id`) ON DELETE CASCADE,
	ADD CONSTRAINT `craft_assetfiles_sourceId_fk` FOREIGN KEY (`sourceId`) REFERENCES `craft_assetsources` (`id`) ON DELETE CASCADE;

--
-- Constraints for table `craft_assetfolders`
--
ALTER TABLE `craft_assetfolders`
	ADD CONSTRAINT `craft_assetfolders_parentId_fk` FOREIGN KEY (`parentId`) REFERENCES `craft_assetfolders` (`id`) ON DELETE CASCADE,
	ADD CONSTRAINT `craft_assetfolders_sourceId_fk` FOREIGN KEY (`sourceId`) REFERENCES `craft_assetsources` (`id`) ON DELETE CASCADE;

--
-- Constraints for table `craft_assetindexdata`
--
ALTER TABLE `craft_assetindexdata`
	ADD CONSTRAINT `craft_assetindexdata_sourceId_fk` FOREIGN KEY (`sourceId`) REFERENCES `craft_assetsources` (`id`) ON DELETE CASCADE;

--
-- Constraints for table `craft_assetsources`
--
ALTER TABLE `craft_assetsources`
	ADD CONSTRAINT `craft_assetsources_fieldLayoutId_fk` FOREIGN KEY (`fieldLayoutId`) REFERENCES `craft_fieldlayouts` (`id`) ON DELETE SET NULL;

--
-- Constraints for table `craft_categories`
--
ALTER TABLE `craft_categories`
	ADD CONSTRAINT `craft_categories_groupId_fk` FOREIGN KEY (`groupId`) REFERENCES `craft_categorygroups` (`id`) ON DELETE CASCADE,
	ADD CONSTRAINT `craft_categories_id_fk` FOREIGN KEY (`id`) REFERENCES `craft_elements` (`id`) ON DELETE CASCADE;

--
-- Constraints for table `craft_categorygroups`
--
ALTER TABLE `craft_categorygroups`
	ADD CONSTRAINT `craft_categorygroups_fieldLayoutId_fk` FOREIGN KEY (`fieldLayoutId`) REFERENCES `craft_fieldlayouts` (`id`) ON DELETE SET NULL,
	ADD CONSTRAINT `craft_categorygroups_structureId_fk` FOREIGN KEY (`structureId`) REFERENCES `craft_structures` (`id`) ON DELETE CASCADE;

--
-- Constraints for table `craft_categorygroups_i18n`
--
ALTER TABLE `craft_categorygroups_i18n`
	ADD CONSTRAINT `craft_categorygroups_i18n_groupId_fk` FOREIGN KEY (`groupId`) REFERENCES `craft_categorygroups` (`id`) ON DELETE CASCADE,
	ADD CONSTRAINT `craft_categorygroups_i18n_locale_fk` FOREIGN KEY (`locale`) REFERENCES `craft_locales` (`locale`) ON DELETE CASCADE ON UPDATE CASCADE;

--
-- Constraints for table `craft_content`
--
ALTER TABLE `craft_content`
	ADD CONSTRAINT `craft_content_elementId_fk` FOREIGN KEY (`elementId`) REFERENCES `craft_elements` (`id`) ON DELETE CASCADE,
	ADD CONSTRAINT `craft_content_locale_fk` FOREIGN KEY (`locale`) REFERENCES `craft_locales` (`locale`) ON DELETE CASCADE ON UPDATE CASCADE;

--
-- Constraints for table `craft_elements_i18n`
--
ALTER TABLE `craft_elements_i18n`
	ADD CONSTRAINT `craft_elements_i18n_elementId_fk` FOREIGN KEY (`elementId`) REFERENCES `craft_elements` (`id`) ON DELETE CASCADE,
	ADD CONSTRAINT `craft_elements_i18n_locale_fk` FOREIGN KEY (`locale`) REFERENCES `craft_locales` (`locale`) ON DELETE CASCADE ON UPDATE CASCADE;

--
-- Constraints for table `craft_emailmessages`
--
ALTER TABLE `craft_emailmessages`
	ADD CONSTRAINT `craft_emailmessages_locale_fk` FOREIGN KEY (`locale`) REFERENCES `craft_locales` (`locale`) ON DELETE CASCADE ON UPDATE CASCADE;

--
-- Constraints for table `craft_entries`
--
ALTER TABLE `craft_entries`
	ADD CONSTRAINT `craft_entries_authorId_fk` FOREIGN KEY (`authorId`) REFERENCES `craft_users` (`id`) ON DELETE CASCADE,
	ADD CONSTRAINT `craft_entries_id_fk` FOREIGN KEY (`id`) REFERENCES `craft_elements` (`id`) ON DELETE CASCADE,
	ADD CONSTRAINT `craft_entries_sectionId_fk` FOREIGN KEY (`sectionId`) REFERENCES `craft_sections` (`id`) ON DELETE CASCADE,
	ADD CONSTRAINT `craft_entries_typeId_fk` FOREIGN KEY (`typeId`) REFERENCES `craft_entrytypes` (`id`) ON DELETE CASCADE;

--
-- Constraints for table `craft_entrydrafts`
--
ALTER TABLE `craft_entrydrafts`
	ADD CONSTRAINT `craft_entrydrafts_creatorId_fk` FOREIGN KEY (`creatorId`) REFERENCES `craft_users` (`id`) ON DELETE CASCADE,
	ADD CONSTRAINT `craft_entrydrafts_entryId_fk` FOREIGN KEY (`entryId`) REFERENCES `craft_entries` (`id`) ON DELETE CASCADE,
	ADD CONSTRAINT `craft_entrydrafts_locale_fk` FOREIGN KEY (`locale`) REFERENCES `craft_locales` (`locale`) ON DELETE CASCADE ON UPDATE CASCADE,
	ADD CONSTRAINT `craft_entrydrafts_sectionId_fk` FOREIGN KEY (`sectionId`) REFERENCES `craft_sections` (`id`) ON DELETE CASCADE;

--
-- Constraints for table `craft_entrytypes`
--
ALTER TABLE `craft_entrytypes`
	ADD CONSTRAINT `craft_entrytypes_fieldLayoutId_fk` FOREIGN KEY (`fieldLayoutId`) REFERENCES `craft_fieldlayouts` (`id`) ON DELETE SET NULL,
	ADD CONSTRAINT `craft_entrytypes_sectionId_fk` FOREIGN KEY (`sectionId`) REFERENCES `craft_sections` (`id`) ON DELETE CASCADE;

--
-- Constraints for table `craft_entryversions`
--
ALTER TABLE `craft_entryversions`
	ADD CONSTRAINT `craft_entryversions_creatorId_fk` FOREIGN KEY (`creatorId`) REFERENCES `craft_users` (`id`) ON DELETE SET NULL,
	ADD CONSTRAINT `craft_entryversions_entryId_fk` FOREIGN KEY (`entryId`) REFERENCES `craft_entries` (`id`) ON DELETE CASCADE,
	ADD CONSTRAINT `craft_entryversions_locale_fk` FOREIGN KEY (`locale`) REFERENCES `craft_locales` (`locale`) ON DELETE CASCADE ON UPDATE CASCADE,
	ADD CONSTRAINT `craft_entryversions_sectionId_fk` FOREIGN KEY (`sectionId`) REFERENCES `craft_sections` (`id`) ON DELETE CASCADE;

--
-- Constraints for table `craft_fieldlayoutfields`
--
ALTER TABLE `craft_fieldlayoutfields`
	ADD CONSTRAINT `craft_fieldlayoutfields_fieldId_fk` FOREIGN KEY (`fieldId`) REFERENCES `craft_fields` (`id`) ON DELETE CASCADE,
	ADD CONSTRAINT `craft_fieldlayoutfields_layoutId_fk` FOREIGN KEY (`layoutId`) REFERENCES `craft_fieldlayouts` (`id`) ON DELETE CASCADE,
	ADD CONSTRAINT `craft_fieldlayoutfields_tabId_fk` FOREIGN KEY (`tabId`) REFERENCES `craft_fieldlayouttabs` (`id`) ON DELETE CASCADE;

--
-- Constraints for table `craft_fieldlayouttabs`
--
ALTER TABLE `craft_fieldlayouttabs`
	ADD CONSTRAINT `craft_fieldlayouttabs_layoutId_fk` FOREIGN KEY (`layoutId`) REFERENCES `craft_fieldlayouts` (`id`) ON DELETE CASCADE;

--
-- Constraints for table `craft_fields`
--
ALTER TABLE `craft_fields`
	ADD CONSTRAINT `craft_fields_groupId_fk` FOREIGN KEY (`groupId`) REFERENCES `craft_fieldgroups` (`id`) ON DELETE CASCADE;

--
-- Constraints for table `craft_globalsets`
--
ALTER TABLE `craft_globalsets`
	ADD CONSTRAINT `craft_globalsets_fieldLayoutId_fk` FOREIGN KEY (`fieldLayoutId`) REFERENCES `craft_fieldlayouts` (`id`) ON DELETE SET NULL,
	ADD CONSTRAINT `craft_globalsets_id_fk` FOREIGN KEY (`id`) REFERENCES `craft_elements` (`id`) ON DELETE CASCADE;

--
-- Constraints for table `craft_matrixblocks`
--
ALTER TABLE `craft_matrixblocks`
	ADD CONSTRAINT `craft_matrixblocks_fieldId_fk` FOREIGN KEY (`fieldId`) REFERENCES `craft_fields` (`id`) ON DELETE CASCADE,
	ADD CONSTRAINT `craft_matrixblocks_id_fk` FOREIGN KEY (`id`) REFERENCES `craft_elements` (`id`) ON DELETE CASCADE,
	ADD CONSTRAINT `craft_matrixblocks_ownerId_fk` FOREIGN KEY (`ownerId`) REFERENCES `craft_elements` (`id`) ON DELETE CASCADE,
	ADD CONSTRAINT `craft_matrixblocks_ownerLocale_fk` FOREIGN KEY (`ownerLocale`) REFERENCES `craft_locales` (`locale`) ON DELETE CASCADE ON UPDATE CASCADE,
	ADD CONSTRAINT `craft_matrixblocks_typeId_fk` FOREIGN KEY (`typeId`) REFERENCES `craft_matrixblocktypes` (`id`) ON DELETE CASCADE;

--
-- Constraints for table `craft_matrixblocktypes`
--
ALTER TABLE `craft_matrixblocktypes`
	ADD CONSTRAINT `craft_matrixblocktypes_fieldId_fk` FOREIGN KEY (`fieldId`) REFERENCES `craft_fields` (`id`) ON DELETE CASCADE,
	ADD CONSTRAINT `craft_matrixblocktypes_fieldLayoutId_fk` FOREIGN KEY (`fieldLayoutId`) REFERENCES `craft_fieldlayouts` (`id`) ON DELETE SET NULL;

--
-- Constraints for table `craft_migrations`
--
ALTER TABLE `craft_migrations`
	ADD CONSTRAINT `craft_migrations_pluginId_fk` FOREIGN KEY (`pluginId`) REFERENCES `craft_plugins` (`id`) ON DELETE CASCADE;

--
-- Constraints for table `craft_relations`
--
ALTER TABLE `craft_relations`
	ADD CONSTRAINT `craft_relations_fieldId_fk` FOREIGN KEY (`fieldId`) REFERENCES `craft_fields` (`id`) ON DELETE CASCADE,
	ADD CONSTRAINT `craft_relations_sourceId_fk` FOREIGN KEY (`sourceId`) REFERENCES `craft_elements` (`id`) ON DELETE CASCADE,
	ADD CONSTRAINT `craft_relations_sourceLocale_fk` FOREIGN KEY (`sourceLocale`) REFERENCES `craft_locales` (`locale`) ON DELETE CASCADE ON UPDATE CASCADE,
	ADD CONSTRAINT `craft_relations_targetId_fk` FOREIGN KEY (`targetId`) REFERENCES `craft_elements` (`id`) ON DELETE CASCADE;

--
-- Constraints for table `craft_routes`
--
ALTER TABLE `craft_routes`
	ADD CONSTRAINT `craft_routes_locale_fk` FOREIGN KEY (`locale`) REFERENCES `craft_locales` (`locale`) ON DELETE CASCADE ON UPDATE CASCADE;

--
-- Constraints for table `craft_sections`
--
ALTER TABLE `craft_sections`
	ADD CONSTRAINT `craft_sections_structureId_fk` FOREIGN KEY (`structureId`) REFERENCES `craft_structures` (`id`) ON DELETE SET NULL;

--
-- Constraints for table `craft_sections_i18n`
--
ALTER TABLE `craft_sections_i18n`
	ADD CONSTRAINT `craft_sections_i18n_locale_fk` FOREIGN KEY (`locale`) REFERENCES `craft_locales` (`locale`) ON DELETE CASCADE ON UPDATE CASCADE,
	ADD CONSTRAINT `craft_sections_i18n_sectionId_fk` FOREIGN KEY (`sectionId`) REFERENCES `craft_sections` (`id`) ON DELETE CASCADE;

--
-- Constraints for table `craft_sessions`
--
ALTER TABLE `craft_sessions`
	ADD CONSTRAINT `craft_sessions_userId_fk` FOREIGN KEY (`userId`) REFERENCES `craft_users` (`id`) ON DELETE CASCADE;

--
-- Constraints for table `craft_shunnedmessages`
--
ALTER TABLE `craft_shunnedmessages`
	ADD CONSTRAINT `craft_shunnedmessages_userId_fk` FOREIGN KEY (`userId`) REFERENCES `craft_users` (`id`) ON DELETE CASCADE;

--
-- Constraints for table `craft_structureelements`
--
ALTER TABLE `craft_structureelements`
	ADD CONSTRAINT `craft_structureelements_elementId_fk` FOREIGN KEY (`elementId`) REFERENCES `craft_elements` (`id`) ON DELETE CASCADE,
	ADD CONSTRAINT `craft_structureelements_structureId_fk` FOREIGN KEY (`structureId`) REFERENCES `craft_structures` (`id`) ON DELETE CASCADE;

--
-- Constraints for table `craft_taggroups`
--
ALTER TABLE `craft_taggroups`
	ADD CONSTRAINT `craft_taggroups_fieldLayoutId_fk` FOREIGN KEY (`fieldLayoutId`) REFERENCES `craft_fieldlayouts` (`id`) ON DELETE SET NULL;

--
-- Constraints for table `craft_tags`
--
ALTER TABLE `craft_tags`
	ADD CONSTRAINT `craft_tags_groupId_fk` FOREIGN KEY (`groupId`) REFERENCES `craft_taggroups` (`id`) ON DELETE CASCADE,
	ADD CONSTRAINT `craft_tags_id_fk` FOREIGN KEY (`id`) REFERENCES `craft_elements` (`id`) ON DELETE CASCADE;

--
-- Constraints for table `craft_templatecachecriteria`
--
ALTER TABLE `craft_templatecachecriteria`
	ADD CONSTRAINT `craft_templatecachecriteria_cacheId_fk` FOREIGN KEY (`cacheId`) REFERENCES `craft_templatecaches` (`id`) ON DELETE CASCADE;

--
-- Constraints for table `craft_templatecacheelements`
--
ALTER TABLE `craft_templatecacheelements`
	ADD CONSTRAINT `craft_templatecacheelements_cacheId_fk` FOREIGN KEY (`cacheId`) REFERENCES `craft_templatecaches` (`id`) ON DELETE CASCADE,
	ADD CONSTRAINT `craft_templatecacheelements_elementId_fk` FOREIGN KEY (`elementId`) REFERENCES `craft_elements` (`id`) ON DELETE CASCADE;

--
-- Constraints for table `craft_templatecaches`
--
ALTER TABLE `craft_templatecaches`
	ADD CONSTRAINT `craft_templatecaches_locale_fk` FOREIGN KEY (`locale`) REFERENCES `craft_locales` (`locale`) ON DELETE CASCADE ON UPDATE CASCADE;

--
-- Constraints for table `craft_usergroups_users`
--
ALTER TABLE `craft_usergroups_users`
	ADD CONSTRAINT `craft_usergroups_users_groupId_fk` FOREIGN KEY (`groupId`) REFERENCES `craft_usergroups` (`id`) ON DELETE CASCADE,
	ADD CONSTRAINT `craft_usergroups_users_userId_fk` FOREIGN KEY (`userId`) REFERENCES `craft_users` (`id`) ON DELETE CASCADE;

--
-- Constraints for table `craft_userpermissions_usergroups`
--
ALTER TABLE `craft_userpermissions_usergroups`
	ADD CONSTRAINT `craft_userpermissions_usergroups_groupId_fk` FOREIGN KEY (`groupId`) REFERENCES `craft_usergroups` (`id`) ON DELETE CASCADE,
	ADD CONSTRAINT `craft_userpermissions_usergroups_permissionId_fk` FOREIGN KEY (`permissionId`) REFERENCES `craft_userpermissions` (`id`) ON DELETE CASCADE;

--
-- Constraints for table `craft_userpermissions_users`
--
ALTER TABLE `craft_userpermissions_users`
	ADD CONSTRAINT `craft_userpermissions_users_permissionId_fk` FOREIGN KEY (`permissionId`) REFERENCES `craft_userpermissions` (`id`) ON DELETE CASCADE,
	ADD CONSTRAINT `craft_userpermissions_users_userId_fk` FOREIGN KEY (`userId`) REFERENCES `craft_users` (`id`) ON DELETE CASCADE;

--
-- Constraints for table `craft_users`
--
ALTER TABLE `craft_users`
	ADD CONSTRAINT `craft_users_id_fk` FOREIGN KEY (`id`) REFERENCES `craft_elements` (`id`) ON DELETE CASCADE,
	ADD CONSTRAINT `craft_users_preferredLocale_fk` FOREIGN KEY (`preferredLocale`) REFERENCES `craft_locales` (`locale`) ON DELETE SET NULL ON UPDATE CASCADE;

--
-- Constraints for table `craft_widgets`
--
ALTER TABLE `craft_widgets`
	ADD CONSTRAINT `craft_widgets_userId_fk` FOREIGN KEY (`userId`) REFERENCES `craft_users` (`id`) ON DELETE CASCADE;

SET FOREIGN_KEY_CHECKS = 1;
